title,imdb.id
Once Upon a Time in the West,tt0064116
A Million Ways to Die in the West,tt2557490
Wild Wild West,tt0120891
West Side Story,tt0055614
Slow West,tt3205376
An American Tail: Fievel Goes West,tt0101329
Red Rock West,tt0105226
How the West Was Won,tt0056085
Journey to the West,tt2017561
West of Memphis,tt2130321
Star Wars: Episode IV - A New Hope,tt0076759
Star Wars: Episode V - The Empire Strikes Back,tt0080684
Star Wars: Episode VI - Return of the Jedi,tt0086190
Star Wars: Episode I - The Phantom Menace,tt0120915
Star Wars: Episode III - Revenge of the Sith,tt0121766
Star Trek,tt0796366
Star Wars: Episode II - Attack of the Clones,tt0121765
Star Trek Into Darkness,tt1408101
Star Trek: First Contact,tt0117731
Star Trek II: The Wrath of Khan,tt0084726
Dr. Strangelove or: How I Learned to Stop Worrying and Love the Bomb,tt0057012
Love Actually,tt0314331
Shakespeare in Love,tt0138097
"I Love You, Man",tt1155056
P.S. I Love You,tt0431308
Love & Other Drugs,tt0758752
Punch-Drunk Love,tt0272338
From Paris with Love,tt1179034
From Russia with Love,tt0057076
I Love You Phillip Morris,tt1045772
2001: A Space Odyssey,tt0062622
Office Space,tt0151804
Zathura: A Space Adventure,tt0406375
Space Cowboys,tt0186566
Lost in Space,tt0120738
Plan 9 from Outer Space,tt0052077
Muppets from Space,tt0158811
Turks in Space,tt0808240
2001: A Space Travesty,tt0157262
Space Chimps,tt0482603
The Adventures of Tintin,tt0983193
The Adventures of Baron Munchausen,tt0096764
The Adventures of Robin Hood,tt0029843
"The Adventures of Priscilla, Queen of the Desert",tt0109045
Adventures in Babysitting,tt0092513
The Many Adventures of Winnie the Pooh,tt0076363
The Adventures of Sharkboy and Lavagirl 3-D,tt0424774
The Adventures of Buckaroo Banzai Across the 8th Dimension,tt0086856
The Adventures of Rocky & Bullwinkle,tt0131704
The Extraordinary Adventures of Adèle Blanc-Sec,tt1179025
The Truman Show,tt0120382
The Rocky Horror Picture Show,tt0073629
Quiz Show,tt0110932
Best in Show,tt0218839
Show Me Love,tt0150662
The Last Picture Show,tt0067328
The Greatest Show on Earth,tt0044672
There's No Business Like Show Business,tt0047574
Show Boat,tt0044030
Show People,tt0019379
Pirates of the Caribbean: Dead Man's Chest,tt0383574
Shaun of the Dead,tt0365748
Dead Poets Society,tt0097165
Dawn of the Dead,tt0363547
The Evil Dead,tt0083907
Evil Dead,tt1288558
Evil Dead II,tt0092991
Dawn of the Dead,tt0077402
Night of the Living Dead,tt0063350
Before the Devil Knows You're Dead,tt0292963
Rise of the Planet of the Apes,tt1318514
Dawn of the Planet of the Apes,tt2103281
Planet of the Apes,tt0133152
Planet Terror,tt1077258
Planet of the Apes,tt0063442
Treasure Planet,tt0133240
Red Planet,tt0199753
Planet 51,tt0762125
Forbidden Planet,tt0049223
Beneath the Planet of the Apes,tt0065462
Alien,tt0078748
Alien³,tt0103644
Alien: Resurrection,tt0118583
AVP: Alien vs. Predator,tt0370263
My Stepmother Is an Alien,tt0095687
Alien Nation,tt0094631
Alien Raiders,tt0996979
Alien Autopsy,tt0466664
Alien Abduction,tt2510434
Alien Outpost,tt2474972
Butch Cassidy and the Sundance Kid,tt0064115
The Karate Kid,tt0087538
The Karate Kid,tt1155076
The Heartbreak Kid,tt0408839
The Kid,tt0012349
"The Karate Kid, Part II",tt0091326
The Kid,tt0219854
Honey I Blew Up the Kid,tt0104437
Diary of a Wimpy Kid,tt1196141
The Kid with a Bike,tt1827512
Trail of the Pink Panther,tt0084814
False Trail,tt1560671
Anacondas: Trail of Blood,tt1150934
The Hallelujah Trail,tt0059250
HOUBA! On the Trail of the Marsupilami,tt1723642
The Big Trail,tt0020691
Santa Fe Trail,tt0033021
Crossfire Trail,tt0218127
MacGyver: Trail to Doomsday,tt0110420
Where the Trail Ends,tt2509922
Sukiyaki Western Django,tt0906665
The Decline of Western Civilization Part II: The Metal Years,tt0094980
The Decline of Western Civilization,tt0082252
Brazilian Western,tt1869416
Western Union,tt0034384
Western,tt0120494
Total western,tt0216750
Western Spaghetti,tt1352849
Midnight Cowboy,tt0064665
Cowboy Bebop: The Movie,tt0275277
Drugstore Cowboy,tt0097240
Urban Cowboy,tt0081696
The Cowboy Way,tt0109493
Carry on Cowboy,tt0059014
Cowboy,tt0051496
Ride 'Em Cowboy,tt0035252
The Cowboy and the Lady,tt0030018
Quick Gun Murugun: Misadventures of an Indian Cowboy,tt1176911
Top Gun,tt0092099
The Naked Gun: From the Files of Police Squad!,tt0095705
The Naked Gun 2½: The Smell of Fear,tt0102510
Naked Gun 33 1/3: The Final Insult,tt0110622
The Man with the Golden Gun,tt0071807
Machine Gun Preacher,tt1586752
The Way of the Gun,tt0202677
Son of a Gun,tt2452200
Johnny Got His Gun,tt0067277
Gun Crazy,tt0042530
The Texas Chainsaw Massacre,tt0324216
The Texas Chain Saw Massacre,tt0072271
The Texas Chainsaw Massacre: The Beginning,tt0420294
"Paris, Texas",tt0087884
Texas Chainsaw 3D,tt1572315
The Texas Chainsaw Massacre 2,tt0092076
Texas Chainsaw Massacre: The Next Generation,tt0110978
From Dusk Till Dawn 2: Texas Blood Money,tt0120860
Leatherface: Texas Chainsaw Massacre III,tt0099994
"Happy, Texas",tt0162360
Bill & Ted's Excellent Adventure,tt0096928
Pee-wee's Big Adventure,tt0089791
The Poseidon Adventure,tt0069113
The Oogieloves in the Big Balloon Adventure,tt1520498
Free Willy 2: The Adventure Home,tt0113114
Caravan of Courage: An Ewok Adventure,tt0087225
Remo Williams: The Adventure Begins,tt0089901
Arthur and the Great Adventure,tt0940657
Into the Wild,tt0758758
Wild Hogs,tt0486946
Wild Things,tt0120890
Where the Wild Things Are,tt0386117
Wild,tt2305051
Wild Tales,tt3011894
Beasts of the Southern Wild,tt2125435
The Wild Bunch,tt0065214
Wild Strawberries,tt0050986
Law Abiding Citizen,tt1197624
Monster-in-Law,tt0369735
Down by Law,tt0090967
Above the Law,tt0094602
Son in Law,tt0108186
Beyond the Law,tt0103805
Herod's Law,tt0221344
Murphy's Law,tt0091575
Outside the Law,tt1229381
Bound,tt0115736
Homeward Bound: The Incredible Journey,tt0107131
Bound for Glory,tt0074235
Bound to Vengeance,tt1230213
Logan's War: Bound by Honor,tt0176943
Bollywood Bound,tt0296535
A Ship Bound for India,tt0039834
Trouble Bound,tt0105645
Storm Bound,tt0403483
Shutter Island,tt1130884
The Island,tt0399201
Journey 2: The Mysterious Island,tt1397514
Spy Kids 2: Island of Lost Dreams,tt0287717
Nim's Island,tt0410377
City Island,tt1174730
The Island of Dr. Moreau,tt0116654
Cutthroat Island,tt0112760
Muppet Treasure Island,tt0117110
King of Devil's Island,tt1332134
After Earth,tt1815862
The Day the Earth Stood Still,tt0970416
The Man from Earth,tt0756683
Journey to the Center of the Earth,tt0373051
Like Stars on Earth,tt0986264
Another Earth,tt1549572
Battlefield Earth,tt0185183
The Day the Earth Stood Still,tt0043456
Night on Earth,tt0102536
Escape from Planet Earth,tt0765446
Pretty Woman,tt0100405
Scent of a Woman,tt0105323
The Woman in Black,tt1596365
The Other Woman,tt2203939
Woman in Gold,tt2404425
The Woman in Black 2: Angel of Death,tt2339741
When a Man Loves a Woman,tt0111693
The Woman,tt1714208
The Other Woman,tt1032825
I Could Never Be Your Woman,tt0466839
Raiders of the Lost Ark,tt0082971
Lost in Translation,tt0335266
The Lost World: Jurassic Park,tt0119567
Home Alone 2: Lost in New York,tt0104431
Lost Highway,tt0116922
The Lost Boys,tt0093437
Atlantis: The Lost Empire,tt0230011
All Is Lost,tt2017038
The City of Lost Children,tt0112682
True Romance,tt0108399
Romance & Cigarettes,tt0368222
Romance,tt0194314
Office Romance,tt0076727
Murphy's Romance,tt0089643
A Little Romance,tt0079477
Guilty of Romance,tt1743724
Tillie's Punctured Romance,tt0004707
A Cruel Romance,tt0090368
Modern Romance,tt0082764
Little Miss Sunshine,tt0449059
The Little Mermaid,tt0097757
Stuart Little,tt0164912
Big Trouble in Little China,tt0090728
Little Fockers,tt0970866
Little Nicky,tt0185431
Chicken Little,tt0371606
Little Shop of Horrors,tt0091419
Little Women,tt0110367
Stuart Little 2,tt0243585
Crazy Heart,tt1263670
Angel Heart,tt0092563
Wild at Heart,tt0100935
I Heart Huckabees,tt0356721
Whisper of the Heart,tt0113824
Where the Heart Is,tt0198021
A Mighty Heart,tt0829459
The Normal Heart,tt1684226
Playing by Heart,tt0145734
The Beat That My Heart Skipped,tt0411270
The Big Lebowski,tt0118715
Big Fish,tt0319061
Big Hero 6,tt2245084
Big Daddy,tt0142342
Big,tt0094737
My Big Fat Greek Wedding,tt0259446
Big Momma's House,tt0208003
The Big Sleep,tt0038355
In Time,tt1637688
Big Eyes,tt1126590
Prince of Persia: The Sands of Time,tt0473075
Once Upon a Time in America,tt0087843
Once Upon a Time in Mexico,tt0285823
Hot Tub Time Machine,tt1231587
A Time to Kill,tt0117913
The Time Traveler's Wife,tt0452694
The Time Machine,tt0268695
Lagaan: Once Upon a Time in India,tt0169102
Gone Girl,tt2267998
The Girl with the Dragon Tattoo,tt1568346
The Girl with the Dragon Tattoo,tt1132620
The Girl Next Door,tt0265208
"Girl, Interrupted",tt0172493
Lars and the Real Girl,tt0805564
The Other Boleyn Girl,tt0467200
The Girl Who Played with Fire,tt1216487
Girl with a Pearl Earring,tt0335119
My Girl,tt0102492
Terminator 2: Judgment Day,tt0103064
Groundhog Day,tt0107048
Independence Day,tt0116629
The Day After Tomorrow,tt0319262
Training Day,tt0139654
Ferris Bueller's Day Off,tt0091042
Dog Day Afternoon,tt0072890
Die Another Day,tt0246460
A Good Day to Die Hard,tt1606378
Knight and Day,tt1013743
World War Z,tt0816711
Thor: The Dark World,tt1981115
Jurassic World,tt0369610
Scott Pilgrim vs. the World,tt0446029
Master and Commander: The Far Side of the World,tt0311113
The World Is Not Enough,tt0143145
Wayne's World,tt0105793
Team America: World Police,tt0372588
Ghost World,tt0162346
Night at the Museum,tt0477347
30 Days of Night,tt0389722
Date Night,tt1279935
"Good Night, and Good Luck.",tt0433383
The Night of the Hunter,tt0048424
Fright Night,tt1438176
We Own the Night,tt0498399
Run All Night,tt2199571
Night at the Museum: Secret of the Tomb,tt2692250
Iron Man,tt0371746
Iron Man 3,tt1300854
Spider-Man,tt0145487
Man of Steel,tt0770828
Iron Man 2,tt1228705
The Amazing Spider-Man,tt0948470
Spider-Man 2,tt0316654
Rain Man,tt0095953
Spider-Man 3,tt0413300
The Amazing Spider-Man 2,tt1872181
Toy Story,tt0114709
Toy Story 3,tt0435761
Toy Story 2,tt0120363
Perfume: The Story of a Murderer,tt0396171
Dodgeball: A True Underdog Story,tt0364725
A Christmas Story,tt0085334
It's Kind of a Funny Story,tt0804497
The NeverEnding Story,tt0088323
The Straight Story,tt0166896
Life of Pi,tt0454876
Life Is Beautiful,tt0118799
It's a Wonderful Life,tt0038650
Life of Brian,tt0079470
The Secret Life of Walter Mitty,tt0359950
The Life Aquatic with Steve Zissou,tt0362270
The Tree of Life,tt0478304
Lara Croft Tomb Raider: The Cradle of Life,tt0325703
Mia Italida ap' tin Kypseli,tt0204484
Ap' ta kokala vgalmena,tt1838452
Gabros ap' to Londino,tt0136211
Hooligans - Kato ta heria ap' ta niata!,tt0231747
Being AP,tt3916100
Tora pou fevgo ap' ti zoi,tt0145533
I gynaikara ap' to Kilkis,tt0291967
To gelio vgike ap' ton Paradeiso,tt0202369
Pio thermi kai ap' ton ilio,tt0068693
Ap 2000,tt0408496
AC/DC: Live at Donington,tt0337566
AC/DC: Let There Be Rock,tt0080321
AC/DC: Family Jewels,tt0476635
AC/DC: No Bull,tt0255773
AC/DC: Live at River Plate,tt1933535
AC/DC: Stiff Upper Lip Live,tt0368557
One Million AC/DC,tt0064763
AC/DC: Plug Me In,tt1174684
AC/DC: Fly on the Wall,tt0454661
AC/DC: Highway to Hell - Classic Album Under Review,tt1179370
BG - Neveroyatni razkazi za edin savremenen bulgarin,tt0247942
B.G. aru 19 sai no nikki agete yokkata,tt0250228
B.G. monogatari: nijusai no nikki,tt0363451
B.G. Roper Presents...,tt0788020
Incredible Blinking Machines Presents BG/B,tt1396620
Blur: Rated BG,tt3393170
The Notorious B.G.: A Forum with Bill Gates,tt4249884
BG's Dirty 30: Cruise to Ensenada,tt4352324
B.D. in alert,tt0123390
B.D. in the mountains and on the seaside,tt0123392
B.D. în alerta - Vaduve cu termen redus,tt3056888
B.D. în alerta - Profesorul de mimica,tt3056884
B.D. Women,tt0121091
The Unknown Celebrities: B.D. Benedikt,tt0447713
B.D.,tt0821957
bd: Snowboad Rulerz,tt2012670
Bi pooli,tt1997291
Bikhod & Bi Jahat,tt2551076
"O-Bi, O-Ba - The End of Civilization",tt0089714
"Bi, Don't Be Afraid",tt1517160
Xiao Bi de gu shi,tt0085695
Fu gui bi ren,tt0091090
Bi the Way,tt0951257
Il Bi e il Ba,tt0088799
La bi xiao xiao sheng,tt0113588
Ci chu yu bi chu,tt2244098
Ab Tak Chhappan,tt0402014
Ab-normal Beauty,tt0434762
Aa Ab Laut Chalen,tt0149568
Ab Tumhare Hawale Watan Saathiyo,tt0397882
Ab Tak Chhappan 2,tt2202086
Ab Ke Baras,tt0321067
Faryad-e zir-e ab,tt1091766
Fink fährt ab,tt0170623
Peter schießt den Vogel ab,tt0053167
Die Post geht ab,tt0056362
Hotter Than July Bk,tt1478396
BK 2 LA,tt4601962
Ao: The Last Hunter,tt1526578
S.O.S.: Mulheres ao Mar,tt3035582
Ao oni,tt3686278
Assalto ao Santa Maria,tt1202513
S.O.S.: Mulheres ao Mar 2,tt4358196
O Convite ao Prazer,tt0189443
Ao qi xiong ying,tt0096826
Shou zhi ao chu,tt0081507
Fei hu xiong xin 2 zhi ao qi bi tian gao,tt0183073
Adeus Até ao Meu Regresso: Soldados do Império,tt1964466
DV: Domestic Violence,tt0468703
Dv,tt2644690
Broken: How to Make DV Look Like Film,tt0798785
DV Guide,tt2396423
Dv-Campitelli,tt0333377
D.V.,tt0442071
Heft in BH,tt0299973
BH eurosong,tt0451637
Gahee & B.H.,tt0994791
SX80 bh,tt1344766
BL.A.CK,tt1961188
BM.F,tt4591062
Ulf & EF,tt0474441
Killa-EF,tt1758677
Ef,tt4055454
Sånt är livet,tt0117814
Pettson & Findus - Katten och gubbens år,tt0234458
Jag är med barn,tt0079360
Ranjana Ami Ar Ashbona,tt2501906
Själen är större än världen,tt0090027
Jag är inte beredd att dö än,tt4226372
Vem är du?,tt0455226
Nu är pappa trött igen!,tt0117212
Mitt hem är Copacabana,tt0059456
Maria Wern: Först när givaren är död,tt2966010
D.W. Griffith and Lillian Gish,tt0335024
D.W. Griffith,tt1279164
D.W. Griffith et le loup,tt2141681
The 1986 Annual D.W. Griffith Awards,tt2224469
The Return of E.C. Gonatas,tt2298357
"Reverse Plantation, an E.C. Skit",tt4759470
Dupa ea,tt0487152
E.A. Poe's Berenice,tt2234059
"Hoe zotter hoe liever, het succes van de Vlaamse volksfilms van Edith Kiel e.a. van 1930-1960",tt0453100
Naked Love: Ea's Garden,tt2245019
Megafactories: EA Sports,tt2469086
EA in Silicon Valley,tt3203880
"Ea la mio neña, ea",tt5243302
Ea Sola - Sécheresse et pluie,tt0498235
2005 EA Sports NFL Quarterback Challenge,tt0817486
Sigur Rós: Ég anda,tt2848062
Det er eg!,tt0487087
Ég mundi segja hó,tt1027209
Ég elska þig,tt1475162
Ég er ekki nógu gott landslag,tt2112345
Ég Anda,tt2432302
Az ég kék éve,tt3496186
Ég Man Þig,tt4966532
Ahol az ég is meghajlik...,tt0147827
Ég és föld között,tt0173513
The Land of Eb,tt1975286
The Buffalo Chips: Gimme an Eb Minor,tt2014359
Road EB 01,tt3954598
Eb & Flo,tt0173789
Eb & Flo,tt0487402
Eb,tt1763214
B.F.'s Daughter,tt0040141
Mr. B.F. Keith,tt0240740
B.F. Keith's New Million Dollar Theatre,tt0367522
BF Nowhere,tt2946112
BF's Forever,tt3439432
The Committee Ep 1: Bad Dog,tt1675757
Cleve Dixon Ep 2: The Downtown Breakdown,tt2609858
EP-X-503,tt0418653
Gamechangers Ep. 3: A Legend in the Booth,tt1735435
Gamechangers Ep. 1: The Rant Writer,tt1634503
Asian Conan Ep. 1,tt1656612
My Best Friend Bigfoot Ep.1 & 2.,tt1663994
Nathan Grant: Ghost Detective Ep. 7,tt1693780
Gamechangers Ep. 2: Fear the NFL Draft,tt1735434
EP: Side 2,tt0875585
Captain EO,tt0090793
Captain EO Promo & Pre-show,tt0487250
The Making of 'Captain Eo',tt0328096
Hi-eo-ro,tt2077762
Captain Eo Grand Opening,tt0238113
Enchantress Eo-eul,tt0316919
Mul eo on doh,tt2113013
Eo,tt2960296
EO Bubble Buddy,tt3056184
Lost Flower Eo Woo-dong,tt4922946
Babylon A.D.,tt0364970
Immortal (Ad Vitam),tt0314063
Dracula A.D. 1972,tt0068505
Daleks' Invasion Earth 2150 A.D.,tt0060278
Ad Fundum,tt0106218
L'assassino è costretto ad uccidere ancora,tt0072662
2000 AD,tt0214728
AD/BC: A Rock Opera,tt0440004
681 AD: The Glory of Khan,tt0444982
A.D. Police Files,tt0283835
WWE: The New & Improved DX,tt1383719
WWE: DX: One Last Stand,tt1853732
Eiga Purikyua ôru sutâzu DX 2: Kibou no hikari Reinbô jueru o mamore!,tt1630601
Precure Allstars DX,tt1401235
Eiga Purikyua ôru sutâzu DX 3: Mirai ni todoke! Sekai o tsunagu nijiiro no hana,tt1865354
Jitsuroku! Real kyoufu DX,tt2565244
Pia Carrot e Yokoso! 2 DX,tt3898720
df/dx,tt1419117
UFC 107: BJ Penn vs. Diego Sanchez,tt1615899
The Best of BJ Thomas Live,tt0490808
Yokohama BJ Blues,tt0083351
BJ,tt2404543
BJ Thomas: That Christmas Feeling,tt1445587
Bj,tt3163356
L.A.dy Dior,tt2224293
Dy herë mat,tt0297867
Ar-khi-me-dy!,tt0072655
Dy gosti,tt0346914
Dhimbje midis dy brigjeve,tt0350807
Dy endjet,tt0350860
Pranvera dy hapa pranë,tt0354844
Ne kufi te dy legjendave,tt0172865
Rang De Basanti,tt0405508
Belle de Jour,tt0061395
Jean de Florette,tt0091288
Casa de mi Padre,tt1702425
Cyrano de Bergerac,tt0099334
Café de Flore,tt1550312
De-Lovely,tt0352277
"Torrente, el brazo tonto de la ley",tt0120868
The Earrings of Madame de...,tt0046022
Cul-De-Sac,tt0060268
Ek Tha Tiger,tt2016894
Ek Villain,tt3175038
Ek Main Aur Ekk Tu,tt1703958
Gadar: Ek Prem Katha,tt0284137
Ek Hasina Thi,tt0352314
Ek Thi Daayan,tt2406676
Ek Chalis Ki Last Local,tt0995718
Jaani Dushman: Ek Anokhi Kahani,tt0326983
Ek Ajnabee,tt0457875
Ek Aur Ek Gyarah: By Hook or by Crook,tt0354538
Gay Purr-ee,tt0057093
Ee Adutha Kaalath,tt2188733
Ee Parakkum Thalika,tt0319337
Ee Thanutha Veluppan Kalathu,tt0271481
Ee Pattanathil Bhootham,tt1447783
Ormayundo Ee Mukham,tt4305802
Ee Rojullo,tt2391817
Ee Puzhayum Kadannu,tt0355410
The EE British Academy Film Awards,tt4420868
Yemaindi Ee Vela,tt1791689
B.B. King: The Life of Riley,tt3842178
B.B. King: The Life of Riley,tt2259306
B.B. and the Cormorant,tt0369302
Live by Request: BB King,tt0444851
Mardi Gras.BB: A Silent Rockumentary,tt2464056
B.B. King: Into the Night,tt1843852
The Jazz Channel Presents B.B. King,tt0281672
B.B. King: Live,tt2224966
B.B. King: The Blues Summit,tt0321352
Ed,tt0116165
Ed Wood,tt0109707
BB Gun,tt0247186
Ed Gein,tt0230169
Evil Ed,tt0116247
Ed Gein: The Butcher of Plainfield,tt0858437
Sex Ed,tt2751310
Ed and His Dead Mother,tt0106792
"Ed, Edd n Eddy's Big Picture Show",tt1232047
Rubin and Ed,tt0102817
As Good as It Gets,tt0119822
Life as We Know It,tt1055292
"As Above, So Below",tt2870612
Life as a House,tt0264796
Thick as Thieves,tt1112782
My Life as a Dog,tt0089606
As It Is in Heaven,tt0382330
Cool as Ice,tt0101615
As Tears Go By,tt0096461
Ev,tt1589427
Küçük ev,tt1640489
Ev hali,tt0448285
Az 1812-es év,tt0259824
Kiralik ev,tt1740677
Expediente EV-0043,tt1862010
No EV Trouble in Little China,tt1918977
Basketball Wives: Temper Tantrums w/ Ev,tt2156154
Talada ev,tt2997098
The Story of Father Ev,tt3102684
Egy éj Velencében,tt0023978
Csendes éj,tt0907846
EJ's Awesome Recovery,tt2006726
Ej blot til lyst,tt2130018
O Dia D E.J. Carvalho,tt2417648
Egy éj at Arany Bogárban,tt2697464
"Captain E.J. Smith, R.N.R. Commander of the Ill Fated S.S. Titanic: A Final Inspection of His Vessel Ten Minutes Before Sailing Time",tt4068272
Strawberry Schmilsson Forever - A Videopainting by E.J. Gold,tt4675984
Behöriga äga ej tillträde,tt0094725
Lek ej med kärleken,tt0173981
The Hi-Lo Country,tt0120699
Lo,tt1047490
Rok Sako To Rok Lo,tt0423087
Manny & Lo,tt0116985
Isi/Disi - Amor a lo bestia,tt0390136
Lo contrario al amor,tt1667108
Il commissario Lo Gatto,tt0092770
Todo lo que tú quieras,tt1592534
No lo llames amor... llámalo X,tt1740490
Il trucido e lo sbirro,tt0075352
Os Homens São de Marte... E é pra Lá que Eu Vou!,tt3210830
Eu Te Amo,tt0082343
Tout le monde n'a pas eu la chance d'avoir des parents communistes,tt0108369
Eu Não Faço a Menor Ideia do Que Eu Tô Fazendo Com a Minha Vida,tt3329956
Eu,tt0140034
"Com Licença, Eu Vou à Luta",tt0139942
Les demoiselles ont eu 25 ans,tt0106696
Eu sunt Adam!,tt0154464
Que Farei eu com Esta Espada?,tt0073595
Eu Matei Lúcio Flávio,tt0186071
Hut Nr. E.W. 2106 V,tt1215875
The Artist's Studio: E.W. NAY,tt2822936
In Search of Myster Ey,tt1673399
Ey Pari Kojai,tt2017503
"Ey, na linkore!",tt0089116
"Ey, kto nibud!",tt0175730
Ey!,tt0238957
Ya ey nravlyus,tt0266070
Journ(ey)ées aux pays des percussions,tt1107913
Pra/ey: A Vampire Film Short by Lia Scott Price,tt2483076
El/Ey,tt3595620
Pig-Hoo-o-o-o-ey,tt4788576
JB Smoove: That's How I Dooz It,tt2197963
Pour J.B.,tt0330780
1940: A Reminiscence by J.B. Priestly,tt0400067
The Passing of J.B. Randall and Company,tt0419027
H20 Secrets: J.B. King,tt1677541
JB & the Mule,tt1906404
J.C. Chávez,tt1009014
JC in tha Hood,tt0760313
J.C.,tt0068752
RTL voetbal: KNVB Beker finale Feyenoord - Roda JC,tt1229003
J.C. Leyendecker: The Great American Illustrator,tt0828043
J.C.,tt0301463
Community Builder: The Life & Legacy of J.C. Nichols,tt1534791
J.C.,tt1582274
New Meet Me on South Street: The Story of JC Dobbs,tt1831719
J.C.,tt2006139
J.F. Que?,tt0452802
JF's Diary of a Mulatto Bride,tt2964140
J.F. Willumsen,tt0297195
J.F. Willems,tt0300043
Rech JF: pour court-métrage rémunéré,tt4295788
Jo,tt0067274
"Jo Jo Dancer, Your Life Is Calling",tt0091295
Jo Jeeta Wohi Sikandar,tt0104561
Har Dil Jo Pyar Karega...,tt0250415
The Ballad of Little Jo,tt0106350
Jo Bole So Nihaal,tt0436451
Bobbie Jo and the Outlaw,tt0074228
Marie-Jo and Her 2 Lovers,tt0293401
Ashura-jô no hitomi,tt0459744
Dil Jo Bhi Kahey...,tt0442764
JP is My Friend,tt2765462
J.P. Hopfelt: My Kind of Free,tt3996504
Balázs (18) filmje - jp.co.de,tt2083934
JP Medical,tt2381225
The Duke: Based on the Memoir 'I'm the Duke' by J.P. Duke,tt4452996
JP Rawson,tt1959417
The Death of J.P. Cuenca,tt5189860
J.P.,tt0154662
Varg Veum - I mørket er alle ulver grå,tt2102465
"Hjelp, vi er i filmbransjen",tt1679204
Er kanns nicht lassen,tt0055960
ATM: Er Rak Error,tt2191394
Ma 6-T va crack-er,tt0119589
Baghdad ER,tt0802944
Salige er de som tørster,tt0124864
Jin ping mei er ai de nu li,tt1465840
"Skulle det dukke opp flere lik, er det bare å ringe...",tt0066385
Full Circle: Malcolm Smith and J.N. Roberts - The Legend Lives On,tt1554965
Live by Request: K.D. Lang,tt0347420
KD Matheson Boundless Tribesman,tt1594285
KD No. 1,tt0257826
Ju-on: The Grudge,tt0364385
K.D. Lang Talks with Percy Adlon About 'Percy Adlon's Salmonberries': 11 Years Later,tt2609342
K.D. Lang: Miss Chatelaine,tt4970918
Ju-On: The Grudge 2,tt0367913
The Story of Qiu Ju,tt0105197
Ju-on: The Curse 2,tt0330501
Ju Dou,tt0099902
Ju-on: The Curse,tt0330500
Ju-on: White Ghost,tt1422675
Ju-on: The Beginning of the End,tt3572132
Ju-on: Black Ghost,tt1422674
Han Gong-ju,tt3265462
Shoot 'Em Up,tt0465602
Ax 'Em,tt0349113
Give 'em Hell Malone,tt1258137
Hang 'Em High,tt0061747
Class of Nuke 'Em High,tt0090849
Class of Nuke 'Em High Part II: Subhumanoid Meltdown,tt0101591
Keep 'Em Flying,tt0033781
Jy is My Liefling,tt0345470
Kill 'em All,tt1928335
Return to Nuke 'Em High Volume 1,tt2279922
KJ: Music and Life,tt1562343
As Jy Sing,tt3303630
Ngo ga yau yat chek hiu dung see,tt0368894
DJ KJ the First Hit,tt1822200
Gamma Labs Presents KJ Noons,tt2953604
Jy's Lieflik Vanaand,tt2017717
72 ga cho hak,tt1602474
Subete ga kurutteru,tt0054350
Wat Jy Saai,tt2034823
Jy is Myne,tt2190860
"Ga, Ga - Chwala bohaterom",tt0091096
Daai foo ji ga,tt0109524
Amin Jensen - 150 kg over bæltestedet,tt0381876
Bong ga,tt1045818
A Portrait of Ga,tt2002765
"Athens, Ga. - Inside/Out",tt0092591
The Hated K.P.,tt1495976
18 kg,tt3614502
Yasha-ga-ike,tt0079041
Ørkenens sønner - Gå aldrig tilbage til en fuser!,tt0357348
1.150 kg,tt0856762
Not Less Than 50 Kg,tt3335476
"Josser, KC",tt0410137
Le disgrazie di un 100 Kg,tt1537843
3 Kg,tt1883120
All About Me KG,tt3861398
NV in KC: A Story About Artists and Envy in Kansas City,tt3531944
"Dr. Josser, K.C.",tt0021813
Mrs. K.C. of England,tt0465541
The KC Challenge,tt2612016
K.C.,tt1703823
2 Live Crew Feat. KC of KC & the Sunshine Band and Freak Nasty: 2 Live Party,tt4108850
Ko,tt1851988
Albert Pinto Ko Gussa Kyon Ata Hai,tt0080343
Hachi-ko,tt0093132
Ko-Ko's Earth Control,tt0136320
A Two Word Name with the Letters Kh and K,tt3748246
Bounce Ko Gals,tt0122393
Project A-Ko,tt0091794
Project A-Ko 2: Daitokuji zaibatsu no inbô,tt0093792
Project A-Ko Versus Battle 2: Blue Side,tt0100422
Sunlight Jr.,tt1517249
Project A-Ko 3: Cinderella Rhapsody,tt0095914
Project A-Ko Versus Battle 1: Grey Side,tt0100421
Sherlock Jr.,tt0015324
Ace Ventura: Pet Detective Jr.,tt0844029
"Santa, Jr.",tt0338410
"Mr. Death: The Rise and Fall of Fred A. Leuchter, Jr.",tt0192335
Luxo Jr.,tt0091455
Évocateur: The Morton Downey Jr. Movie,tt1822381
Luxo Jr. in 'Surprise' and 'Light & Heavy',tt0102359
J.J. Biker,tt0416868
Treacle Jr.,tt1542486
Dallas: J.R. Returns,tt0116007
To Tulsa and Back: On Tour with J.J. Cale,tt0452029
Untitled Seth Ott/J.J. Project,tt4899564
A Tribute to J.J. Abrams,tt3198202
JJ Star... How Embarrassing,tt2215121
Cowboys and Indians: The J.J. Harper Story,tt0346802
The JJ Project,tt3587048
L.L. M.M. le Tsar et la Tsarine entrant dans l'église de l'Assomption [Moscou],tt3187640
Untitled J.J. Abrams/Chris Alender Sci-Fi Project,tt4267492
J.J. Redick's Guide to the Perfect March Madness Bracket,tt4085360
Eric Clapton & Friends: The Breeze - An Appreciation of JJ Cale,tt3990946
Hubert Selby Jr: It/ll Be Better Tomorrow,tt0437236
LL Cool J's Mama Said Home Security Service,tt2553194
Départ en gondole de LL. MM.,tt2478984
Cortège de gymnastique devant LL. MM.,tt1982648
"Monza, L.L. M.M. le Roi et la Reine d'Italie",tt1672812
Incontro delle ll.mm. il re d'Italia e gli imperiali di Germania a Venezia splendida,tt3818310
Nikki Rich & LL Cool J's Simone I Smith: Charitable Cancer Fundraiser,tt2501662
Elf ll,tt4955734
c o ll e g e t o w n,tt4909070
L.M. Beat,tt0267655
100 Million BC,tt1136683
"Josh Kirby... Time Warrior: Chapter 4, Eggs from 70 Million B.C.",tt0113487
One Million Years B.C.,tt0060782
"10,000 BC",tt0443649
One Million B.C.,tt0032871
LP Into the Wild Live at Eastwest Studios,tt2336339
"Journey to 10,000 BC",tt1203519
"R.F.D. 10,000 B.C.",tt0131552
B.C. Rock,tt0187781
Bimbos B.C.,tt0196378
Lp,tt5144018
Taboo: The Single and the LP,tt0207138
Big Daddy Dad: Ride the Bus LP,tt4507396
Taboo: The Single and the LP,tt0128687
La Casa: LP,tt3550096
David LP: Rocky Balboa,tt4791352
My Way ... My Life Lp,tt4599492
Catch LJ Live!,tt4205974
Lj - Ubiti,tt0204449
LJ BeachPad,tt0116812
Kenny Plays with LJ,tt3188400
L.J. Waters,tt1541849
"Amanece, que no es poco",tt0094641
9 és 1/2 randi,tt1052342
Es ist nicht leicht ein Gott zu sein,tt0097292
El mundo es nuestro,tt2378171
Perder es cuestión de método,tt0404318
Comme t'y es belle!,tt0469055
Pyaar Ka Punchnama,tt1926313
La ciudad no es para mí,tt0060240
Todo es mentira,tt0111449
Malena es un nombre de tango,tt0116967
Tod den Hippies!! Es lebe der Punk!,tt3397082
Muqaddar Ka Sikandar,tt0079590
Pyaar Ka Punchnama 2,tt4430136
Matru ki Bijlee ka Mandola,tt2106537
One 2 Ka 4,tt0227194
Khiladiyon Ka Khiladi,tt0246729
MJ Dong,tt1433148
Chalti Ka Naam Gaadi,tt0128985
Luv Ka the End,tt1918927
Joru Ka Ghulam,tt0250452
Roop Ki Rani Choron Ka Raja,tt0107986
"The Secret Government: Origin, Identity and Purpose of the Real MJ-12",tt3093412
Remember the Time: An MJ Video Tribute,tt1634299
Mj 12,tt4893300
L.S. Lowry,tt1737197
The LS SuperTards,tt5044450
Sexy MF,tt0378742
Shun Li and the Poet,tt2036388
MF,tt4562728
Untitled MF 6: Bring the Rukus,tt2071646
7 mf,tt2458118
Street Fighter: The Legend of Chun-Li,tt0891592
Je li jasno prijatelju?,tt0250445
Jet Li Is 'The One',tt0311363
Gorcilo - Jesi li to dosao da me vidis,tt4307948
Tie jia wu di Ma Li Ya,tt0088269
Kormoranid ehk Nahkpükse ei pesta,tt1869514
Hei mao zhi ci sha Ye Li Qin,tt0104405
Zui hou sheng li,tt0094387
Mehed ei nuta,tt0384328
Bruce Li the Invincible Chinatown Connection,tt0075789
Ei ruumiita makuuhuoneeseen,tt0125071
Ei,tt0092950
Das Gelbe vom Ei,tt0185331
Äiti ei enää keilaa,tt1772434
Kuningas jolla ei ollut sydäntä,tt0084226
Heil Hitler und Alaaf! - Karneval in der NS-Zeit,tt1354011
'Ei se mitään!' sanoi Eemeli,tt0132936
Das Ei ist eine geschissene Gottesgabe,tt0106794
N.S. Khruschev v Amerike,tt0235611
Das Ei,tt0106795
NS Roulette,tt2829662
Passion et mort de N.S. Jésus-Christ,tt1799569
Frontabschnitt Hochschule - Universitäten in der NS-Zeit,tt1461226
Verdrängte Jahre - Die ÖBB auf Spurensuche in der NS-Zeit,tt2382986
Hitlers Reiseagentur KdF - Die NS-Gemeinschaft 'Kraft durch Freude',tt1537782
"Before Hollywood, There Was Fort Lee, N.J.",tt0408559
MW,tt1242755
Once Upon a Nuclear Ship: Stories of the NS Savannah,tt3448634
"Burning of the Standard Oil Co.'s Tanks, Bayonne, N.J.",tt0299612
MW: Dai 0 shô akuma no gêmu,tt1706440
"Life Rescue Scene at Atlantic City, N.J.",tt0369665
Panorama of the Paterson (N.J.) Fire,tt0366867
"Annual Baby Parade, 1904, Asbury Park, N.J.",tt0918623
"Ruins of City Hall, Paterson (N.J.)",tt0366986
"Circular Panorama of Atlantic City, N.J.",tt0359079
Mx. Pink,tt4577364
"Advance Guard, Return of N.J. Troops",tt0240322
"Ice-Boat Racing at Redbank, N.J.",tt0347227
Agent Mx-z3Ro,tt1942129
"Shad Fishing at Gloucester, N.J.",tt0358130
Que Pena Tu Vida Mx,tt5226378
97 goo waak jai: Jin mo bat sing,tt0128907
Gekijô ban Bleach: The DiamondDust Rebellion - Mô hitotsu no hyôrinmaru,tt1148261
Mo,tt0085951
Mo' Better Blues,tt0100168
Mo deng bao biao,tt0082761
Qu mo jing cha,tt0098150
Zubekô banchô: zange no neuchi mo nai,tt0451987
Mo,tt1591585
Mo hup leung juk,tt1310656
Les couloirs du temps: Les visiteurs II,tt0157205
Yuen chi mo hei,tt0280496
Cirque du Soleil: Worlds Away,tt1792647
Les couloirs du temps: Les visiteurs II,tt0120882
Cirque du Freak: The Vampire's Assistant,tt0450405
Les Visiteurs du Soir,tt0035521
Les bronzés font du ski,tt0078907
Les dames du Bois de Boulogne,tt0037630
De l'autre côté du lit,tt1275590
Tous les matins du monde,tt0103110
Speaking Object-ly,tt0226469
Hotel du Nord,tt0030252
Josef a Ly,tt0431535
Ai xuoi van ly,tt0156269
EQ: A Film About Emotional Intelligence,tt4745404
Care Bears: Grizzle-ly Adventures,tt5116926
Sha(w)ly Not?,tt1135610
Hoa thiên lý,tt3019336
Lilith and Ly,tt0010359
"Takot ako, eh!",tt0445745
Eh Janam Tumhare Lekhe,tt4280824
"Here We Go Again, Eh Providence?",tt0069826
"Here We Go Again, Eh Providence?",tt0069882
"Life Is Tough, Eh Providence?",tt0069468
"Electrika kasi, eh!",tt0487584
Cheeta-eh: Ganda lalake?,tt1470849
"Eh, Joe?",tt0060363
Eh kasi bata,tt0479380
"Eh, Pagu, Eh!",tt0369382
"Beyond Batman: Bats, Mattes & Dark Nights - The Visual FX of Batman Returns",tt1018682
AI/FX,tt0370251
FX,tt0372271
Coplan FX 18 casse tout,tt0059056
FX 18,tt0057966
Gorezone FX Lab Live,tt1018443
AVP: Alien vs. Predator - FX Special Event,tt0472993
Monsters Among Us: The Creature FX of 'The Mist',tt1389780
Guts & Gore: The FX of 'Hatchet',tt1163780
Beyond Batman: Freeze Frame - The Visual FX of 'Batman & Robin',tt1018684
N.P.,tt0067470
Chantal@avro.nl,tt1190085
School NL,tt2050609
www.eenzaam.nl,tt0326453
FZ Anonymous,tt3516042
"N.L. Farnum Post, G.A.R.",tt0232150
Diary ng panget,tt3640822
Bakit hindi ka crush ng crush mo?,tt3094914
Ng goh haak gwai dik siu nin,tt0347586
Ng yun ji dai,tt0133123
Ang cute ng ina mo!,tt0885403
Wan choi ng fuk sing,tt0116575
Heremias: Unang aklat - Ang alamat ng prinsesang bayawak,tt0843515
Hubad sa ilalim ng buwan,tt0277740
Pahiram ng isang umaga,tt0098053
Enteng ng Ina mo,tt2104022
Hemel op Aarde,tt2379995
Op hoop van zegen,tt0091685
Gintberg - Op på fars Jihad,tt0349490
OP Center,tt0114691
Verliefd op Ibiza,tt2388805
Growing Op,tt1105730
Hotel op stelten,tt1139792
Mees Kees op de planken,tt3474720
Far til fire gi'r aldrig op,tt0446125
Dichter op de zeedijk,tt0216705
Space Diamonds: The Philosophy of JD Moore,tt1791608
The JD Set 2011: Bowie,tt2188911
UrbanAgentTV: Up Close & Personal Interview with JD,tt2777442
JD Set,tt1472530
J.D.'s Revenge,tt0074703
JD Pilot,tt1002997
JD Superhero,tt2935048
JD Charisma: Never Give Up,tt2458468
The JD Set: 2010,tt2191849
JD Lawrence's the Clean Up Woman,tt2320552
The Ox-Bow Incident,tt0036244
The Battle of Chantilly (Ox Hill),tt0899264
Yellow Ox Mountain,tt0810477
Golden Ox Inn,tt0052425
Charlie the Ox,tt0424888
The Year of the Ox,tt2300400
The Ox,tt3334408
The Wizard of Oz,tt0032138
Ox Films Collection,tt1754330
The Return of the Musk Ox,tt1360803
The Wizard of Oz,tt0016544
A Sussex Ox Wagon,tt2151894
The Wonderful Wizard of Oz,tt0001463
Return to Oz,tt0089908
Oz the Great and Powerful,tt1623205
The New Wizard of Oz,tt0004099
The Muppets' Wizard of Oz,tt0422778
The Dreamer of Oz,tt0099464
Tom and Jerry & The Wizard of Oz,tt2027255
Journey Back to Oz,tt0067280
Ro.Go.Pa.G.,tt0056171
Rasmus på luffen,tt0082973
Mannen på balkongen,tt0107511
Sällskapsresan eller Finns det svenskt kaffe på grisfesten,tt0081590
Varg Veum - Skriften på veggen,tt1572783
"Scotland, Pa.",tt0265713
Lotta på Bråkmakargatan,tt0104761
Os Maias - Cenas da Vida Romântica,tt3230920
Ma and Pa Kettle,tt0041613
Døden på Oslo S,tt0099479
Os Trapalhões e o Mágico de Oróz,tt0139657
Revolution OS,tt0308808
Os Canibais,tt0094833
Os Imortais,tt0367878
Madicken på Junibacken,tt0081099
P!nk: The King Is Dead... Unofficial,tt2794966
Os saltimbancos Trapalhões,tt0138073
P!nk - I'm Not Dead: Bonus DVD,tt2359209
Os Desafinados,tt0456122
A Princesa Xuxa e os Trapalhões,tt0121654
Kung Fu-nk,tt2230602
P!nk: Fuckin' Perfect,tt1825909
NK: El documental,tt4006300
P!NK: I'm Not Dead - Live from Wembley Arena,tt1391109
Os Maias,tt0260634
The Truth About P!Nk,tt3894314
P!Nk: Greatest Hits ... So Far!!!,tt3894332
P!Nk: Live in Europe,tt3885812
Dough Ray Me-ow,tt0040299
Lookin' Back with O.W. Bandy,tt4112866
Ow What!,tt4458576
The Whizzard of Ow,tt0356197
Ow,tt4103144
Me-Ow!,tt3324900
It's Greek to Me-ow!,tt0055025
Sei-Ow-Hai,tt1553299
O.W. Kenosha,tt2058033
"O.W. Hout's & Sons, Inc.",tt1442296
Gunfight at OQ Corral,tt0072106
Aa! Megamisama! The Movie,tt0265018
Aa Dekhen Zara,tt1372681
Aa Naluguru,tt1601792
Aa Okkati Adakku,tt0257357
Aa Dinagalu,tt3169652
Aa Gaye Munde U.K. De,tt3876082
Aa bakudan,tt0307937
Anthaka Mundu Aa Tarvatha,tt3139000
Aa Gale Lag Jaa,tt0225013
Dum Laga Ke Haisha,tt3495030
Chup Chup Ke,tt0464160
Hum Hain Rahi Pyar Ke,tt0107166
Shaadi Ke Side Effects,tt3302962
Break Ke Baad,tt1578261
Pyaar Ke Side Effects,tt0480572
Yeh Lamhe Judaai Ke,tt0385351
Kaagaz Ke Phool,tt0052954
Love Ke Liye Kuch Bhi Karega,tt0287537
Dhaai Akshar Prem Ke,tt0255112
Sex-partijski neprijatelj br. 1,tt0181809
Lutka sa kreveta br. 21,tt0278549
Significant (Br)other,tt0410607
Br(a)illiant,tt0491752
Br-Zap!,tt1548911
Paviljon br. 6,tt2594158
Postelja br. 29,tt3908576
M.G. Hakhanot Lepreda,tt0359631
40 mg d'amour par jour,tt0464883
Anacefax sadico 50 mg.,tt0483867
The In-between World of M.G. Vassanji,tt0826822
"Inside the Octagon 2, MG: 1946-1980",tt1395197
Mg-2416,tt3564314
"0,60 mg",tt3692700
M.H. Pope Leo in a Chair,tt0240695
Doktor M.H. - Kes on Marie Johansson,tt2352244
Die Entnazifizierung des MH,tt0954929
M.H. Rowley,tt1382488
MH-370's Enigma,tt4450606
Olympia P.H.-m.H.,tt4526530
Regan MH Awareness,tt4901760
Mr. & Mrs. Smith,tt0356910
Mr. Nobody,tt0485947
The Talented Mr. Ripley,tt0134119
Fantastic Mr. Fox,tt0432283
Mr. Brooks,tt0780571
Saving Mr. Banks,tt2140373
Mr. Deeds,tt0280590
Mr. Bean's Holiday,tt0453451
Mr. Smith Goes to Washington,tt0031679
Mr. Popper's Penguins,tt1396218
Uroczystosc otwarcia Uniwersytetu Warszawskiego w dn. 15.XI.1915 r.,tt1111426
The Da Vinci Code,tt0382625
The Shaggy D.A.,tt0075200
Da wan,tt0287934
Escanaba in da Moonlight,tt0180679
Da Hip Hop Witch,tt0245943
Urumi: The Warriors Who Wanted to Kill Vasco Da Gama,tt1745863
Febbre da cavallo,tt0074520
Fakin' Da Funk,tt0119097
Filme da Treta,tt0793409
Vai que dá Certo,tt2220408
Rab Ne Bana Di Jodi,tt1182937
"La leggenda di Al, John e Jack",tt0345561
2 Filhos de Francisco: A História de Zezé di Camargo & Luciano,tt0439547
Viaggi di nozze,tt0114844
Compagni di scuola,tt0094901
Il soldato di ventura,tt0073726
Attila flagello di Dio,tt0080393
Tutta colpa di Freud,tt3237406
Ho voglia di te,tt0877522
Il ragazzo di campagna,tt0087971
Professori Uuno D.G. Turhapuro,tt0073581
D.G. Movie Pioneer,tt0233510
D.G. 4,tt0408655
Sabado D.F.,tt0379969
D.F. (destino final),tt1549759
DF Tram & Cal-TV present The Great Movie Remix,tt4067304
"Exposición agricola y ganadera de San Jacinto, D.F.",tt0406756
Wei Xiao Bao: Feng zhi gou nv,tt0108542
Wo shi nv wang,tt4483422
Shuo huang de nv ren,tt0096102
N.V. Gogol,tt0172845
"Fallon, NV: Deadly Oasis",tt0991198
A Zen Life: D.T. Suzuki,tt1537373
The D.T.'s,tt0060730
"D.T.'s, or the Effect of Drink",tt0000506
"The D.T.'s; or, The Horrors of Drink",tt2017605
Wie die Thüringer Turner der D.T. ins dritte Reich marschierten,tt0450882
DT's,tt4135676
Visions in Meditation #4: D.H. Lawrence,tt0281354
6 Desires: DH Lawrence and Sardinia,tt4174320
D.H. Lawrence as Son and Lover,tt2296703
D.H. Lawrence: En busca de la serpiente,tt0848276
D.H. Lawrence's You Touched Me,tt3420330
Good Ol' Freda,tt2505938
Good Ol' Freda,tt3344808
Keung gaan 3: Ol yau waak,tt0380479
Bad Ol' Putty Tat,tt0041148
Mutlu Ol! Bu Bir Emirdir!,tt1825892
Good Ol' Boy,tt1105355
Bette Midler: Ol' Red Hair Is Back,tt0326758
Little Ol' Bosko and the Cannibals,tt0029155
Mutlu ol yeter,tt0489773
Little Ol' Bosko in Bagdad,tt0030380
GB: 2525,tt0447160
The GB Project,tt3496002
El caso G.B.,tt0249429
2 GB Ki Life,tt4367634
DP Fantasies 2,tt0456118
Nom de code: DP,tt0432986
D.P.,tt0490106
Catch Me If You Can,tt0264464
The Twins of the G.L. Ranch,tt0468210
If I Stay,tt1355630
Love Me If You Dare,tt0364517
What If,tt1486834
If....,tt0063850
If Only,tt0332136
Shriek If You Know What I Did Last Friday the Thirteenth,tt0212235
If These Walls Could Talk 2,tt0206036
"If I Want to Whistle, I Whistle",tt1590024
The Godfather: Part II,tt0071562
If Looks Could Kill,tt0102095
The Hangover Part II,tt1411697
Hellboy II: The Golden Army,tt0411477
Back to the Future Part II,tt0096874
Mission: Impossible II,tt0120755
Men in Black II,tt0120912
Saw II,tt0432348
Il Divo,tt1023490
Bad Boys II,tt0172156
Il Postino: The Postman,tt0110877
Blade II,tt0187738
Il Mare,tt0282599
Il Posto,tt0055320
Il Sorpasso,tt0056512
Il Grido,tt0050458
Il Bidone,tt0047876
Il secondo tragico Fantozzi,tt0075178
Sagan om Karl-Bertil Jonssons julafton,tt0135636
Il marchese del Grillo,tt0082714
Om Shanti Om,tt1024943
Il mio miglior nemico,tt0486138
Om Jai Jagadish,tt0327071
Kampen om tungtvannet,tt0040504
Om,tt3189256
Kurt Olsson - filmen om mitt liv som mej själv,tt0099959
Kurt Josef Wagle og legenden om Fjordheksa,tt1608776
Om Sara,tt0492477
GJ Club@,tt3730194
Anden live i Cirkusbygningen - Hva' snakker du om?,tt0346508
Widaehan hunter GJ,tt0379020
Om inte,tt0268321
I.G.,tt1363106
Mit csinált Felséged 3-tól 5-ig?,tt0058360
IG Farben,tt1478398
World of Little Ig,tt0146355
Anna ot 6 do 18,tt0106290
Lora ot sutrin do vecher,tt2084007
Ot 180 i vyshe,tt0450077
OT: la película,tt0336940
Trimata ot zapasa,tt0246994
OT: Our Town,tt0334029
Ot nishto neshto,tt0339478
Klyuch ot spalni,tt0329268
Secret Agent OO Soul,tt0114375
Ot W Far,tt4379056
Nyama nishto po-hubavo ot loshoto vreme,tt0170313
Oo-lee-byeol il-ho-wa eol-lug-so,tt3897760
Rock Oo! Rimba bara kembali,tt2609050
Oo na sige na,tt0440691
Oo Nina Bobo,tt3652924
Oo na... Mahal na kung mahal,tt0344018
Viimane öö,tt0452528
Oo ako'y espiya,tt0791540
The Other Man: F.W. de Klerk and the End of Apartheid,tt3662168
Öö,tt0992940
James Bande OO sexe,tt1446480
Los 5 Faust de F.W. Murnau,tt1146335
Oy!,tt1455237
"Oy, vy, gusi...",tt0102620
Oy Vey! My Son Is Gay!!,tt1223082
"Pif-paf, oy-oy-oy!",tt1291069
Oy farfara farfara,tt0376035
Oy Vey!,tt1024860
Oy... Akin yata 'yan,tt0419002
Oy Doktor!,tt0021226
"Oy, It's a Boy!",tt0404304
"Ship, Oy, Oy!",tt0373310
Honig im Kopf,tt3488462
Das Wirtshaus im Spessart,tt0051200
Bollywood im Alpenrausch,tt0297032
00 Schneider - Im Wendekreis der Eidechse,tt2416424
Hotte im Paradies,tt0400517
Die Kirche bleibt im Dorf,tt2210569
Das Geheimnis im Wald,tt1286797
100 Jahre Adolf Hitler - Die letzte Stunde im Führerbunker,tt0096735
Mais im Bundeshuus: le génie helvétique,tt0381395
Im Himmel ist die Hölle los,tt0089329
Pu-239,tt0472156
J'aurais pu être une pute,tt1815764
Xi ai ye pu,tt1988689
Mr. Pu,tt0046215
Gong pu II,tt0113193
Jin pu sa,tt0060465
Nam Pu,tt0344097
Esas chicas tan pu...,tt0083899
Liu mang gong pu,tt0121488
Ce qui aurait pu être,tt0905596
PT 109,tt0057393
P.T. Barnum,tt0209720
Katt Williams: The Pimp Chronicles Pt. 1,tt0865482
PT Raiders,tt0048611
"A Tiger in the Dark: Decadence, Pt 1: Final Conflict",tt1998163
American Fame Pt. 1: Drowning River Phoenix,tt0405684
Big Movie Premiere: Harry Potter & the Deathly Hallows Pt. 1,tt1778205
American Fame Pt. 2: Forgetting Jonathan Brandis,tt0440991
"A Decade of Decadence, Pt. 2: Legacy of Dreams",tt2199902
scR.I.Pt,tt0903039
The Ku Klux Klan: A Secret History,tt0307072
Ku Fu? Dalla Sicilia con furore,tt0070279
Attack on Terror: The FBI vs. the Ku Klux Klan,tt0072667
Ku qi de nü ren,tt0317269
Ku hai ming deng,tt0192215
Fen ku lou,tt0089135
Kochira Katsushika-ku Kameari kôen mae hashutsujo: The Movie,tt0216859
Spam-ku,tt0823224
Somay Ku: A Uganda Tennis Story,tt1045885
L.A. Confidential,tt0119488
La Femme Nikita,tt0100263
Ku Ma,tt1846610
La Haine,tt0113247
La Vie en Rose,tt0450188
La Dolce Vita,tt0053779
L.A. Story,tt0102250
Escape from L.A.,tt0116225
La Strada,tt0047528
La Grande Illusion,tt0028950
Wenn lang die Bilder schon verblassen... KZ Theresienstadt - Propagandafilm und Wirklichkeit,tt0783856
La Bamba,tt0093378
Ha/lf,tt2878458
Kz,tt0492469
Diese verfluchten Stunden am Abend - Häftlingsbordelle im KZ,tt4249060
KZ,tt2075233
LD 50 Lethal Dose,tt0337659
Kz,tt4303036
70. Jahrestag Befreiung des KZ Dachau,tt4657624
The Cabinet of Dr. Caligari,tt0010323
Dr. No,tt0055928
Cy's Triumph,tt1352445
Dr. Seuss' The Cat in the Hat,tt0312528
Dr. Dolittle 2,tt0240462
The Abominable Dr. Phibes,tt0066740
Dr. T and the Women,tt0205271
Bigfoot vs. D.B. Cooper,tt3588938
Dr. Jekyll and Mr. Hyde,tt0022835
The Testament of Dr. Mabuse,tt0023563
Cy Warrior,tt0094931
Das Attentat - L.D. Trotzki,tt0273440
Mel Crow's CZ-918,tt2385022
Cy Whittaker's Ward,tt0190342
Cy Perkins in the City of Delusion,tt0327607
Hal-cy-on,tt4978182
Latent(cy),tt1555049
On Reflection: B.S. Johnson on Dr. Samuel Johnson,tt2893616
Luna-cy!,tt0016054
The Pursuit of D.B. Cooper,tt0082958
"Holdup (Special Squad, D.B.)",tt1375783
Tanssija 100 dB:n hiljaisuudesta,tt0964001
Bs As Subte,tt0390945
Herc and D.B. in: What's All the Ruckus??,tt2883382
The Man Who Found DB Cooper,tt3348226
B.S.,tt0315648
B.S. I Love You,tt0066803
Lego DC Comics Super Heroes: Justice League vs. Bizarro League,tt4399814
Bs. As.,tt0945540
BS Confidential,tt1204002
Grinf*ckers AKA Corporate BS Artistes,tt4828208
No Time for BS,tt3282300
Mu mien jia sha,tt0089637
Bs As Hot Festival: Oasis,tt4886956
Bs. As. Traffic Symphony,tt0377555
DC Showcase Original Shorts Collection,tt1696202
LEGO Batman: The Movie - DC Super Heroes Unite,tt2465238
Xie jian mu dan hong,tt0186685
DC Showcase: Jonah Hex,tt1606600
D.C. Sniper: 23 Days of Fear,tt0381116
Secret Origin: The Story of DC Comics,tt1708134
Mu-Mu,tt0129243
UK/DK: A Film About Punks and Skinheads,tt3571948
DC 9/11: Time of Crisis,tt0353042
Robot Chicken: DC Comics Special,tt2381287
Sen hiç atesböcegi gördün mü?,tt2138074
Chu mu jing xin,tt0106565
Debut (DK),tt4373686
Mamma Mu och Kråkan,tt1224370
Mock Up on Mu,tt1263692
Mu zhong wu ren,tt0097923
L.DK,tt2907640
D.L. Hughley: Goin' Home,tt0233511
Arkadaslik öldü mü?,tt0472691
Ke lian tian xia fu mu xin,tt0053878
Antikiller D.K.,tt1532261
DK Bose,tt3207378
DL Presents: Ecordor,tt3558228
Amin Jensen: Blæs på DK,tt0483347
Færøerne.dk,tt0380370
Stand-up.dk Special: Thomas Wivel's vaffelbar,tt0397649
D.L. Hughley: Unapologetic,tt1114667
Gruppa MV-A10,tt3693278
Jihad.dk,tt0373155
DK,tt3098572
D.L. Hughley: Reset,tt2229095
On the D.L.,tt0411719
G.M. Whiting's Enemy,tt4660088
D.L. Hughley: Clear,tt3589494
D.L. Hughley: The Endangered List,tt2461168
Coming Off the DL,tt1723754
Alice MV,tt1794723
Farmer to Farmer: The Truth About GM Crops,tt2087756
DL Hughley: Shocked and Appalled,tt3101714
M.V.,tt0316198
Heat M.V.,tt1979242
MV,tt2729112
Mactabilis Voluntas (M.V.),tt3704350
No Escape,tt1781922
The Last Truck: Closing of a GM Plant,tt1487120
G.M.,tt0325443
G.M. különös élete,tt0161605
G.M. Whiting's: Notes,tt4104316
Socha Na Tha,tt0451919
Sure Shot Dombrowski 3 Moving on Up: The GM's Office,tt2064942
Paradi-gm,tt3581968
No Man's Land,tt0283509
Kyun! Ho Gaya Na...,tt0349703
No Country for Old Men,tt0477348
No Strings Attached,tt1411238
No Reservations,tt0481141
No Way Out,tt0093640
God Is My DJ,tt0769763
Tell No One,tt0362225
"See No Evil, Hear No Evil",tt0098282
"Alexander and the Terrible, Horrible, No Good, Very Bad Day",tt1698641
Na Tum Jaano Na Hum,tt0248216
DJ Snake and Lil Jon: Turn Down for What,tt4272746
Zindagi Na Milegi Dobara,tt1562872
Main Hoon Na,tt0347473
Na Maloom Afraad,tt3801252
Mars na Drinu,tt0172776
Fantasy Aquarium Nintendo DS Music Video,tt3151378
Tumko Na Bhool Paayenge,tt0310254
Na-moo-eobs-neun san,tt1143155
Na igre,tt1532382
Hang the DJ,tt0168846
DS Part 2,tt4472040
Hey DJ,tt0322621
Little DJ: Chiisana koi no monogatari,tt0997165
L.A. D.J.,tt0348663
DJ Quik: Visualism - The Art of Sound Into Vision,tt0431714
Oj! Nie moge sie zatrzymac!,tt1925480
Shoot the DJ,tt1270786
Rock DJ,tt0286006
Hey Mr DJ,tt0339144
Rick vs. DS,tt3484348
"O.J. Simpson: If I Did It, Here's How It Happened",tt0907781
Escape from DS-3,tt0123825
DS 70 nevyjizdi,tt0231411
Gamer Rage II: DS Cases,tt3484270
OJ Simpson: Monster or Myth?,tt1754296
"Kurt, Mungo, BP and Me",tt0443561
In My Own Wor(l)ds,tt4102400
DS Part 1,tt4412670
The O.J. Simpson Story,tt0114023
O.J. Simpson: Juice on the Loose,tt0362919
David Dimbleby Looks at the BP Tanker Company,tt3497812
OJ: The Musical,tt2412714
Juiced with O.J. Simpson,tt0800100
The Trial of O.J. Simpson,tt0114724
B.P. Birthday Present,tt0449829
The Oh in Ohio,tt0422861
O.J.: A Study in Black & White,tt0396771
O.J. Speaks: The Hidden Tapes,tt5079674
BP Spills Coffee,tt1679533
The Increasing Human Devastation from the BP Blowout,tt1863414
"Oh, God! You Devil",tt0087835
BP (Pushing the Boundaries),tt0154184
Ikaria BP 1447,tt0187981
BP: $30 Billion Blowout,tt1772245
Riki-Oh: The Story of Ricky,tt0102293
Aero NT-54,tt0264336
"Sweet Talk, Sweet Talk: Remembering Those Affected by the BP Oil Spill Crisis",tt1919104
Come Hell or High Water: Corollary of the BP Deepwater Horizon Oil Spill Disaster,tt3066980
OMG: Oh My God!,tt2283748
Sharknado 3: Oh Hell No!,tt3899796
I.H. ora miden,tt1408005
"Oh, God!",tt0076489
Yu-Gi-Oh!: The Movie,tt0403703
Louis C.K. Oh My God,tt2510998
Blue Cercle KW,tt3731680
Sentido NT,tt0989866
Oh! What a Lovely War,tt0064754
Oh Heavenly Dog,tt0081269
Boy@nt!,tt0308063
Fake ID,tt0414000
"Ih, du forbarmende",tt0128264
Northern Lights: A Season with NT Thunder,tt3145730
WIndjarrameru: The Stealing C*Nt$,tt4873158
Na iache rsoxoqui so qá,tt2084902
Mr. Id,tt0267764
La grande parade d'Olivier Py,tt0988663
Zivot pise romane ali nema ko da ih cita,tt0246344
Delez LUZ-a v razvoju Ljubljane v zadnjih 25-ih letih,tt0333319
Tha parw mia vathia anasa kai tha sou pw,tt3743888
Away We Go,tt1176740
Special ID,tt2118775
Thu Kyun Ma Khan Py,tt3990150
The KW Project,tt2500926
I.D.,tt0113375
Before We Go,tt0443465
Id,tt0498300
ID:A,tt1731998
Positive I.D.,tt0093763
Fake ID,tt0414970
KY Kapers,tt0206864
Harold & Kumar Go to White Castle,tt0366551
I.D.,tt2402631
ID Swiss,tt0266638
Just Go with It,tt1564367
LG World Championships of Freestyle Motocross,tt0954335
Happy-Go-Lucky,tt1045670
Never Let Me Go,tt1334260
Go,tt0139239
Before I Go to Sleep,tt1726592
LG at Google I/O,tt4815762
the ky.pbn MOVIE,tt1921183
All Dogs Go to Heaven,tt0096787
Let's Go to Prison,tt0454987
Ky uc Dien Bien,tt0780064
To Be or Not LB,tt1869776
"Louisville Commandery, Louisville, Ky.",tt0240691
"IPSC Pan American Shotgun Championship: Rockcastle Shooting Center at Park Mammoth Resort, Park City, KY, July 29 - August 1, 2010",tt2931204
The Tragedy of Ky Young,tt1493883
"Knights Templar Parade at Louisville, Ky.",tt0231916
El señor L.B.,tt0455753
"LG Action Sports World Tour Stop #6: Paris, BMX",tt1613038
Qo,tt0476846
Ryan Cabrera: Live at the Wiltern LG,tt0499251
LG Action Sports Championships,tt0972843
Le Samouraï,tt0062229
The Liberation of L.B. Jones,tt0065979
"LG Action Sports World Tour Stop #6: Paris, Skateboarding",tt1613039
LG and Lucky Are Friends,tt3848448
Twenty One Pilots: Live from the LC,tt3131330
Bob le Flambeur,tt0047892
LB vs AR,tt4125140
650-lb Virgin,tt1489137
650-lb Virgin: The Weight Is Over,tt1578566
Nightmare on L.B. Street,tt3280788
QC Redemption,tt1733264
KT,tt0309751
Geheimzeichen LB 17,tt0136214
Sr. L.B.,tt0283004
627 lb. Woman: Jackie's Story,tt1346944
Hije që mbeten pas,tt0295993
Le Havre,tt1508675
Message of K.T's Footsteps,tt0806120
Dilwale Dulhania Le Jayenge,tt0112870
Pierrot le Fou,tt0059592
Heshtje që flet,tt0349549
Le Doulos,tt0054821
Le Chef,tt1911553
Le divorce,tt0306734
Le Corbeau: The Raven,tt0035753
QC Redemption II,tt2355793
Le Mans,tt0067334
Get Carman: The Trials of George Carman QC,tt0810874
QC Notorious,tt1778312
An Island's Legacy: Preparing for TT,tt0984201
U omãi qe dava pulus,tt4176438
The Jury: Emma Watts QC,tt4442742
Fijet që priten,tt0295255
Musa Hoti - Kosova eshte gjaku im qe nuk falet,tt2231403
VM-Krönikan 2006,tt0930889
Unitet që mposht tërmete,tt0351921
Rrugicat që kërkonin diell,tt0295576
Lumi që nuk shteron,tt0347448
Kujdes nga lëndët që përdoren kundër dëmtonjësve në bujqësi,tt0349698
The Trouble with TQ,tt2605768
El rapto de T.T.,tt0058514
Ditët që sollën pranverën,tt0353364
T.T. Syndrome,tt0249180
Joey: The Man Who Conquered the TT,tt4247724
The Saints of Mt. Christopher,tt1231577
Tribulation TT with Kyp Kyp Levoux,tt1520449
T.T el taterrestre,tt0466337
An Island's Legacy: TT Entertainment,tt0995724
"Ascending Mt. Low, California",tt0363441
Run It with VMware: V.M. Waré Construction Co.,tt3254480
TT 5446,tt1787104
Fotbolls-VM krönikan 1994,tt0467575
Mod målet - VM for hjemløse,tt1670683
My Best Friend's Wedding,tt0119738
Mt. Zion,tt2580928
TQ-1992,tt0828581
G:MT Greenwich Mean Time,tt0179835
All About My Mother,tt0185125
Panoramic View Near Mt. Golden on the Canadian Pacific R. R.,tt0232267
Mt. Tsurugidake,tt1051909
"Lick Observatory, Mt. Hamilton, Cal.",tt0218397
Mt. Everest: The Fatal Climb,tt0475988
Olsen-banden og Dynamitt-Harry går amok,tt0132377
"Dude, Where's My Car?",tt0242423
Salt Lake City Company of Rocky Mt. Riders,tt0237689
"Under the Shadow of Mt. Stephen, Passing Field's Station in the Rocky Mountains",tt0262860
My Neighbor Totoro,tt0096283
Kamilla og tyven,tt0202965
My Sister's Keeper,tt1078588
She's Out of My League,tt0815236
My Cousin Vinny,tt0104952
That's My Boy,tt1232200
Studie Nr. 5,tt0021428
My Week with Marilyn,tt1655420
Olsen-banden og Dynamitt-Harry,tt0132376
Olsen-banden møter kongen og knekten,tt0132384
Karius og Baktus,tt0047143
Solan og Ludvig - Jul i Flåklypa,tt2769896
Brødrene Dal og mysteriet med Karl XIIs gamasjer,tt0407369
Mädchen Nr. 1,tt0279794
Everything Will Be Ok,tt0887734
Olsenbanden og Dynamitt-Harry mot nye høyder,tt0079661
Rebus Film Nr. 1,tt0351638
Agent nr 1,tt0068180
Nr. 1 - Aus Berichten der Wach- und Patrouillendienste,tt0124030
O.K.,tt0066171
Auk Nr. 8,tt1727854
Fiaker Nr. 13,tt0016850
Aggro Berlin - Ansage Nr. 1,tt0476955
Gunfight at the O.K. Corral,tt0050468
M.D. Geist II,tt0217635
Deutsche Wochenschau Nr. 681/40/1943,tt0035803
"I'm a Cyborg, But That's OK",tt0497137
Are We OK?,tt3283804
O.K. Garage,tt0154965
"The Return of Marcus Welby, M.D.",tt0087997
OK Kanmani,tt4271820
Ready? OK!,tt1067084
M.D. Geist,tt0215948
Bîchibarê deka: Tôsatsu sutôkâ o oe!,tt1527599
Sokrovishcha O.K.,tt2572764
"Captain Newman, M.D.",tt0056903
"Mary Stevens, M.D.",tt0024307
"House, M.D., Season Four: New Beginnings",tt1329164
OE.20 Live in Kyiv,tt4505314
"Carnaby, M.D.",tt0060321
"Betty Boop, M.D.",tt0022672
"House, M.D., Season Four: My Favorite Episode So Far...",tt1511526
Abflug LH 646,tt1470553
"Irish Mail, L. & N.W. Railway, Taking Up Water at Full Speed",tt0345441
"Marcus Welby, M.D.: A Holiday Affair",tt0095589
LH 615 - Operation München,tt0129188
"Oe-gyu-so-nyeo, bul-si-chak-hada",tt0996479
Aloha 'Oe,tt3021308
The Disappearance of the PX-15,tt1990344
The Demon of Mount Oe,tt0199890
Code Name Black Cat o oe,tt2470034
Ein Abend mit O.E. Hasse,tt4449450
Aloha Oe,tt0023756
Slatko od snova,tt0181821
Seki A Oe: A Crazy Samoan Love Story,tt3561878
Aloha Oe,tt0004883
N or NW,tt0121599
Holiday Trip to the Clyde Coast of Scotland Via L. & N.W. Railway,tt4367916
Sok od sljiva,tt0083103
NX Files: Discover the Secret,tt1670261
Pennsylvania NW,tt1522240
"Graphite on Canvas, 1920 x 1080 px",tt1166167
QB Game Analysis,tt1475174
Tie Xi Qu: West of the Tracks,tt0389448
PX,tt0087867
PX This,tt2594016
QQ Speed,tt4940436
89 mm od Europy,tt0109023
Yu guang qu,tt1002784
Some QB That I Used to Know: Gotye Parody,tt2553660
"Projekt dziecko, czyli ojciec potrzebny od zaraz",tt1708498
Facet (nie)potrzebny od zaraz,tt3490810
Makedonski del od pekolot,tt0172762
T.R. Baskin,tt0067817
Doktor od jezera hrochu,tt1608769
Zivjeti od ljubavi,tt0171950
Covik od svita,tt0059064
Tie Xi Qu: West of the Tracks,tt0389450
TR(A) the Restricted Artistic,tt0221725
Od 3 do 22,tt0060775
Tie Xi Qu: West of the Tracks,tt0389449
Qu mo dao zhang,tt0106841
Jun fa qu shi,tt0079857
Nömadak Tx,tt1013854
An qu,tt0085163
Da gong kuang xian qu,tt0097141
The Professional TR Course,tt0274005
Sa.TX,tt2552774
Huang Fei Hong yi qu Ding Cai Pao,tt0072087
The Different TR Courses and Their Criticism,tt0322025
Oc Tr,tt0374915
Nakajima Miyuki Live & PV: Utahime gekijouban,tt3842624
S.S. Doomtrooper,tt0795457
TR: An American Lion,tt0369007
"Sincerely, P.V. Reese",tt1539037
"Flesh, TX",tt1099199
"Where in the Heck Is Medicine Mound, TX?",tt1718198
Anime Festival Asia PV,tt4340638
tx-transform,tt0133249
Third Ward TX,tt0999915
"Uncertain, Tx",tt3275160
Ty i ya,tt0067894
"The Black Keys: Live in Austin, TX",tt0436122
"Psycho City, TX",tt2789036
Ilsa: She Wolf of the SS,tt0071650
Hitler's S.S.: Portrait in Evil,tt0089279
"Gde ty, Bagira?",tt0338056
Formosa TX,tt3774084
SS Experiment Camp,tt0074768
Casa privata per le SS,tt0083017
Waffen SS: Hitler's Elite Fighting Force,tt0243651
Je Tu Il Elle,tt0071690
Ty u menya odna,tt0108421
"Ty - mne, ya - tebe",tt0075360
I Was an MTV VJ,tt0455542
"Ish ty, maslenitsa!",tt1361319
Ty ne sirota,tt2034153
"Vsyo, chto ty lyubish",tt0426289
"O sport, ty - mir!",tt0151789
VJ Day & Homecoming,tt2083391
Chto by ty vybral?,tt0170652
Y Tu Mamá También,tt0245574
Que pena tu vida,tt1668209
A chtoy-to ty vo frake?,tt0312321
USS VD: Ship of Shame,tt0244869
Sólo con tu pareja,tt0102958
Shahrukh Bola 'Khoobsurat Hai Tu'... And She Believed in It,tt1773042
Que pena tu boda,tt1924354
Tu Dors Nicole,tt3483194
About VD,tt0209884
Tu Chor Main Sipahi,tt0117983
Burma VJ: Reporter i et lukket land,tt1333634
Wanna Be a VJ Too,tt0401877
Come tu mi vuoi,tt0961043
TV: The Movie,tt0460952
VJ Day 60th Anniversary,tt0481650
Mad Love: V.J. Smith and Mad Dads,tt1366913
Myx Adventures: VJ Chino in Japan,tt3967784
Wanna Be a VJ 3,tt0401878
Frankie Boyle Live 2: If I Could Reach Out Through Your TV and Strangle You I Would,tt1778256
VJ Search,tt3586626
VD,tt0140668
VD Attack Plan,tt0399832
V.D.,tt0055580
Balans ve manevra,tt0441117
VD,tt0069450
VD Blues,tt1157560
How to Keep from Catching VD,tt0220553
The Monster Known as VD,tt0430372
Melekler ve kumarbazlar,tt1523510
V.D: Name Your Contacts,tt0211097
Showrunners: The Art of Running a TV Show,tt1942971
Känd från TV,tt0271031
The TV Set,tt0473709
Charlotta-TS,tt1629730
U2: Zoo TV Live from Sydney,tt0118521
TV Junkie,tt0492494
TV Nation: Volume Two,tt0129419
U2: Zoo TV Live from Sydney,tt0277407
TV Nation: Volume One,tt0129418
Sis ve Gece,tt0903021
Pamuk Prenses ve 7 cüceler,tt0151886
Filler ve Çimen,tt0252437
Robinson Crusoe ve Cuma,tt4895614
Hin helgu vé,tt0107100
"Hayallerim, Askim ve Sen",tt0263426
Star Trek VI: The Undiscovered Country,tt0102975
"Dedem, gofret ve ben",tt0456768
The Young and Prodigious T.S. Spivet,tt3677534
The Young and Prodigious T.S. Spivet,tt1981107
Howling VI: The Freaks,tt0102067
Su excelencia,tt0061038
VH-1 Where Are They Now: TV Hunks,tt0379012
VH-1 to One: Paula Abdul,tt0284596
VH-1: Pop Up Video 80's,tt0219385
La voz de su amo,tt0259730
VH-1 to One: The Corrs,tt0281328
Saw VI,tt1233227
V.I. Warshawski,tt0103184
The Land Before Time VI: The Secret of Saurus Rock,tt0167247
Jason Lives: Friday the 13th Part VI,tt0091080
Vi hade i alla fall tur med vädret,tt0081712
Rocky VI,tt0091865
Su-ki-da,tt0781511
Hvordan vi slipper af med de andre,tt0478365
Fascisti su Marte,tt0888496
Svemirci su krivi za sve,tt0181038
Bij de beesten af,tt0068275
Takva su pravila,tt1905003
Passi di danza su una lama di rasoio,tt0069064
Vampiri su medju nama,tt0181120
Chi wo sû uchû,tt0321649
Zigeunerdans af troubaduren,tt1254804
"Su mi ma sen, Love",tt1329132
Ae Fond Kiss...,tt0380366
Ae Desh Tomar Amar,tt1620685
Skyggen af Emma,tt0096116
En afgrund af frihed,tt0126777
Biblen fortolket af Brian Mørk og Christian Fuhlendorff,tt0972781
Onkel Danny - Portræt af en karma cowboy,tt0334058
Tarantellen af 'Napoli',tt0448145
Ib Schønberg - et portræt af Danmarks største filmskuespiller,tt0257784
Ak tendeba,tt0229445
Titan A.E.,tt0120913
Skyggen af tvivl,tt0899293
Bachna Ae Haseeno,tt1182972
Cheol-ae-kum,tt3509416
Ak-Meer,tt2161936
Ae Jugara Krushna Sudama,tt1468287
AE: Apocalypse Earth,tt2756412
Æ,tt1596353
1st Sight: The AE's Chronicles,tt2579224
Ae Milana Juga Jugara,tt1747917
A.K.,tt0088658
A.W.,tt0468637
AK 47,tt0432385
AK and Beyond,tt0495267
Ak-47 Wanted,tt1102161
Dung-aw,tt0312645
Ak-47 temible cuerno de chivo,tt0391731
Ak-47 Wanted 2,tt1102162
AK,tt2338336
Life Is Good in Ak,tt2337768
Saphai breu... aw aw,tt1190885
MAD V1deo Music Aw@rds 2010,tt1677580
Das Leben des Horace A.W. Tabor - Ein Stück aus den Tagen der letzten Könige,tt0404193
Dung-aw,tt4794360
Aw Aakare Aa,tt0816424
"Aw, Crap! It's a Musical?",tt0997272
The Gods Must Be Crazy,tt0080801
"Aw, Nurse",tt0149747
To Be or Not to Be,tt0035446
Be Kind Rewind,tt0799934
There Will Be Blood,tt0469494
Let's Be Cops,tt1924435
Be Cool,tt0377471
The Man Who Would Be King,tt0073341
Don't Be Afraid of the Dark,tt1270761
Don't Be a Menace to South Central While Drinking Your Juice in the Hood,tt0116126
This Must Be the Place,tt1440345
"Ah, L'Amour",tt0123374
Ah Boys to Men,tt2525596
Ah Müjgan Ah,tt0473114
Ah Nerede,tt0499291
All About Ah-Long,tt0098694
"Ah, Wilderness!",tt0026046
Ah Long Pte Ltd,tt1182615
Ah Fu,tt0277558
"Ah, Sweet Mouse-Story of Life",tt0058887
Ai Weiwei: Never Sorry,tt1845773
Ah Pook Is Here,tt0109055
Ai no shinsekai,tt0109059
I Am Legend,tt0480249
I Am Love,tt1226236
A.I. Assault,tt0468547
A.I. Artificial Intelligence,tt0212720
Ai-en-ji,tt0381838
E Aí... Comeu?,tt2209400
Un'estate ai Caraibi,tt1410276
Anplagghed al cinema,tt0902254
Ai Weiwei: The Fake Case,tt3281074
I Am Number Four,tt1464540
Who Am I?,tt0127357
I Am Sam,tt0277027
Who Am I,tt3042408
Generation Ax,tt0171339
I Am a Fugitive from a Chain Gang,tt0023042
I Am David,tt0327919
That's What I Am,tt1606180
I Am Cuba,tt0058604
Ax,tt2814048
Al Capone,tt0052543
The Ballad of Big Al,tt0283245
Al-irhab wal kabab,tt0107227
Saluda al diablo de mi parte,tt1262415
"Ljubi, ljubi, al' glavu ne gubi",tt0082666
'Weird Al' Yankovic: The Ultimate Video Collection,tt0384783
Yeki az ma do nafar,tt1856770
'Weird Al' Yankovic: The Videos,tt0168453
Lizzie Borden Took an Ax,tt3118958
The Ax,tt0422015
The Ax Man Enigma: The Real-life Horror Behind 'Slay Utterly',tt2975922
Az alkimista és a szüz,tt0163519
Day of the Ax,tt1251728
The Ax Fight,tt0321347
Ax,tt0851328
RE:AX aka Peace Starts With Me,tt2073061
Appleseed Saga: Ex Machina,tt1043842
The Ex-Mrs. Bradford,tt0027593
Az elvarázsolt dollár,tt0089084
Az Karkheh ta Rhein,tt0106330
Divanei az ghafas parid,tt0819880
A skorpió megeszi az ikreket reggelire,tt0105423
Les jeux des nuages et de la pluie,tt1857766
Az igazi Mao,tt0109184
Egy tél az Isten háta mögött,tt0163776
Az oroszlán ugrani készül,tt0064769
Az igazi Mikulás,tt0414142
Clara et moi,tt0400868
My Super Ex-Girlfriend,tt0465624
Ex Machina,tt0470752
The Ex,tt0458364
Ex Drummer,tt0812243
Ex,tt1188988
Burying the Ex,tt3339674
Führer Ex,tt0329106
The Ex,tt0119084
3 hommes et un couffin,tt0090206
E.T. the Extra-Terrestrial,tt0083866
Cuisine et dépendances,tt0106632
Au Pair,tt0185895
Séraphin: un homme et son péché,tt0221013
Tintin et le mystère de la Toison d'Or,tt0055526
Tintin et les oranges bleues,tt0058663
Le moine et le poisson,tt0110547
Du jour au lendemain,tt0465177
Au Hasard Balthazar,tt0060138
Au Revoir Les Enfants,tt0092593
Touchez Pas au Grisbi,tt0046451
Au revoir Taipei,tt1291125
Mix CD,tt1412479
Au bout du monde,tt0222743
Poulet au vinaigre,tt0089832
Au Pair II,tt0267281
La cuisine au beurre,tt0056969
Mon Pere Ce Heros,tt0102465
C.D. Graham Swimming the Lower Rapids,tt0425800
Tercera feria del libro de la cd. de México,tt0842886
CD Hoy: Portraits from the Frontier,tt0440174
The CD Shop,tt0960054
"Wesh wesh, qu'est-ce qui se passe?",tt0312014
CD-Rom,tt1602050
James & Kathy's CD Drop,tt2069812
CD:UK Dance Workout,tt2043803
Clipped Wings They Do Fly Music CD,tt4196620
5 cm,tt2713324
"De ce trag clopotele, Mitica?",tt0082241
Une journée bien remplie ou Neuf meurtres insolites dans une même journée par un seul homme dont ce n'est pas le métier,tt0069443
"Ce soir, je dors chez toi",tt1024896
Tout ce que tu possèdes,tt2458596
"Frank McKlusky, C.I.",tt0281865
Nos héros sont morts ce soir,tt2876358
A.Li.Ce,tt0254950
Est-ce bien raisonnable?,tt0186997
Ce n'è per tutti,tt1337042
Ci hai rotto papà,tt0103970
WWE: CM Punk - Best in the World,tt2322674
45 cm,tt1625855
The Hunt for CM 24,tt0119398
30 cm zgvis donidan,tt0286415
35x50 cm,tt1726108
30 cm de Pica e Demais,tt0321046
5 CM Peter,tt1978372
The Hobbit: An Unexpected Journey,tt0903624
Ci vediamo domani,tt2402565
Ci vuole un gran fisico,tt2753492
Huang jia shi jie zhi III: Ci xiong da dao,tt0095337
La dottoressa ci sta col colonnello,tt0080654
An Officer and a Gentleman,tt0084434
Ma ma zai ai wo yi ci,tt0185520
Ci Xi mi mi sheng huo,tt0112672
Meno male che ci sei,tt1451623
Vakantiefilm BV,tt0331046
300: Rise of an Empire,tt1253863
Pata Nahi Rabb Kehdeyan Rangan Ch Raazi,tt2255915
An Inconvenient Truth,tt0497116
An Education,tt1174732
An American Werewolf in London,tt0082010
An American Tail,tt0090633
Fu Manchu Ch. 13 Watch Your Step,tt4803310
So I Married an Axe Murderer,tt0108174
An American Crime,tt0802948
An Unfinished Life,tt0350261
BV-01,tt0907894
Roy Chubby Brown: Jingle Bx@!cks,tt1075034
Specificnosti u rukovanju i odrzavanju terenskog vozila TAM 110 T7 BV,tt0324039
Ch/B,tt4312536
Ch. P. rayonnogo masshtaba,tt0282409
Ch. P. - Chrezvychainoe proisshestvie,tt0051470
Cj Platinum Live and Unplugged,tt2437512
Bratya Ch,tt3866214
Summer CH Counterpoint,tt4145470
Are You A Ch*t*ya? Part 2,tt4487868
Ch.1 If These Trees Could Talk,tt4831968
C.B.,tt2400303
Factor CH,tt2468752
À la découverte de la BN,tt0379070
Empathy Bx,tt2509798
BX. Thug Soldiers,tt1729635
Avro Canuck... CF-100 All Weather Interceptor,tt0303696
Srita. C.J.,tt0427891
C.J.'s Bondage Adventure,tt0464912
CJ Wilson Douche Bags,tt3527250
C.B. Hustlers,tt0310837
CJ Hendry: Pen on Paper,tt4150932
Ranjit Sinhji and C.B. Fry at the Wickets,tt2586404
C.C. & Company,tt0065511
A Day with C.B. Fry's Mercury Boys,tt4930134
Avro Arrow: CF-105 a Short History,tt0303695
"Young, Deaf and CF",tt1805520
Tiger Pride: Eight Decades of CC Hockey,tt1786731
CF girl: Onanie shower,tt4030584
CF: Two Little Letters,tt2075131
CF gâru,tt0295896
Bo Burnham: what.,tt3210258
Governor C.C. Young Hails Greater Talkie Season,tt0247384
Fu bo,tt0388075
Three Cases for CC Brite,tt1603426
CC 2010,tt1428007
CC Coletti's: Trouble with Me,tt1637615
C.C. gâruzu fâsuto ran: Kaze o dakishimete,tt1826626
The World Within: C.G. Jung in His Own Words,tt0332830
CC: Stand-Up - The Bonnaroo Experience,tt2225956
CC Coletti's: Mercedes Benz,tt1866121
CC Variety TV,tt2526112
Bo,tt1511329
Bu Iste Bir Yalnizlik Var,tt3420850
Bo ming chan dao duo ming qiang,tt0078884
"Bo Burnham: Words, Words, Words",tt1747960
Inochi bô ni furô,tt0067249
L'Empire Bo$$é,tt2171947
Nereden çikti bu velet,tt0282788
Dan sun bo lok,tt1034386
Tae-Bo Workout: Basic,tt0194425
Man bo nu lang,tt0211498
Anata no naka de ikiru: CG seinen no kodoku to ai,tt3340650
A Ay,tt0429489
Bu jian bu san,tt0199354
Fakat Müzeyyen Bu Derin Bir Tutku,tt4178986
Nereye bakiyor bu adamlar,tt0279983
Bu Son Olsun,tt2145623
¡Ay amor... cómo me has puesto!,tt0042215
Shen bu you ji,tt0080971
Xiaohai bu ben 2,tt0475179
Xin tian long ba bu zhi tian shan tong lao,tt0111776
Batsin bu dünya,tt0279680
Modern Greeks: C.P. Cavafy,tt1105769
Ay Lav Yu,tt1526284
GameCenter CX: The Movie - 1986 Mighty Bomb Jack,tt3075398
"¡Ay, Carmela!",tt0101025
Ay büyürken uyuyamam,tt2118573
Mr London: CP 2013,tt4892704
"Sule, Ay Need You",tt2171114
Ay Juancito,tt0362789
"¡Ay, qué tiempos señor don Simón!",tt0034417
Kung ikaw ay isang panaginip,tt0343947
Cl/h,tt0287966
Sayonara CP,tt0234669
Ay! Ay! Ramon,tt4198464
CP Castings,tt0267343
CP Trainer,tt1479673
Yrrol - En kolossalt genomtänkt film,tt0111807
Romance @ C.P. Coaching,tt2322104
CP Time,tt1877583
CP Family Reunion,tt3364002
Ma vie en l'air,tt0436546
75 cl,tt2215954
Cl.One,tt0227189
Arc-en-CL,tt0287923
Ez firiyam tu ma li cih,tt2298323
Ma Vie en Rose,tt0119590
Un Coeur en Hiver,tt0105682
En la cama,tt0474642
10 Ez Steps for Mortician Success,tt1707780
En gång i Phuket,tt2082262
Hälsoresan - En smal film av stor vikt,tt0166653
En la ciudad sin límites,tt0311072
Search for a CW Star,tt2356228
EZ Money,tt0443494
Ez történt Budapesten,tt0035851
Ajándék ez a nap,tt0078741
Kire ütött ez a gyerek?,tt0891517
Santa Fe,tt0043992
Ez Már Nemcsak Játék,tt1956486
Ez-Chewie,tt1483823
Örült szerelem ez,tt2211189
EZ Bake,tt1858744
Lights of Old Santa Fe,tt0037018
CW (Carwash),tt1085375
CW: Suprise Suprise,tt1610309
CW: Hard Labour,tt1610308
Search for a CW Star,tt2358418
L!fe Happens,tt1726589
Fe Mahatet masr,tt2605474
Santa Fe,tt0120062
Mo fa a ma,tt0223391
Santa Fe Stampede,tt0030714
Santa Fe Passage,tt0048584
Cuestión de fe,tt0139956
The Excitement of the Do-Re-Mi-Fa Girl,tt0214636
Calle Santa Fe,tt1038904
Do Re Mi Fa So La Si Do,tt1669582
Here Come the Co-eds,tt0037771
Hui nin yin fa dak bit doh,tt0189660
Hua pi zhi: Yin yang fa wang,tt0104455
Cai li fa xiao zi,tt0074388
Fa fa ying king,tt1194582
The Fair Co-Ed,tt0017860
La poliziotta fa carriera,tt0073556
Fa qian han,tt0076012
Fb,tt3328504
Yi chu ji fa,tt0103307
Your Mother Is a FB,tt3066268
Macross FB 7: Ore no Uta o Kike!,tt3709868
"Co mi zrobisz, jak mnie zlapiesz",tt0077350
FB: Fighting Beat,tt1264961
Pk.com.cn,tt2936212
Mr. C.N. Morton,tt0213897
The Culpepper Cattle Co.,tt0068435
How to Beat the High Co$t of Living,tt0080895
Samrat & Co.,tt3636776
Co-ed Call Girl,tt0115917
The Falcon and the Co-eds,tt0035855
Dancing Co-Ed,tt0031203
CQ,tt0254199
Max & Co,tt0959324
On the Set of 'CQ',tt0357521
CQ in My Dreams,tt4020612
CR No: 89,tt3744080
CR:SR Test národa 2006,tt1354683
Vzpomínky na zvírecí koncentráky v CR 2009,tt4004854
CR:SR Test národa 2007,tt1354684
E.ON Energy Globe Award CR 2008,tt2089668
E.ON Energy Globe Award CR 2010,tt2089669
Vzpomínky na zvírecí koncentráky v CR 2002,tt2358100
E.ON Energy Globe Award CR 2011,tt2089670
The Notorious C.R,tt2661330
The Question of God: Sigmund Freud & C.S. Lewis,tt0433436
C.S. Lewis: Beyond Narnia,tt0497337
The Magic Never Ends: The Life and Work of C.S. Lewis,tt0359641
C.S. Lewis: Dreamer of Narnia,tt0948429
"Through a Lens Darkly: Grief, Loss and C.S. Lewis",tt1838720
The Shortest Way Home: C.S. Lewis and Mere Christianity,tt3565434
The Heavens Are Telling the Glory of God: The Theological Imagination of CS Lewis,tt3666422
"Affectionately Yours, Screwtape: The Devil and C.S. Lewis",tt1838448
Narnia's Lost Poet: The Secret Lives and Loves of CS Lewis,tt4353380
O cs. studentech,tt0174080
Louis C.K.: Chewed Up,tt1190722
Louis C.K.: Hilarious,tt1421373
Louis C.K.: Live at the Beacon Theater,tt2112999
Louis C.K.: Shameless,tt0927619
Louis C.K.: Live at the Comedy Store,tt4368814
C.K. dezerterzy,tt0092713
Louis C.K. Learns About the Catholic Church,tt2306280
Go F*ck Yourself with Dave Franco,tt2035511
Louis C.K.'s Last Chance,tt2275474
El mariachi,tt0104815
El Topo,tt0067866
El Dorado,tt0061619
El crimen del padre Amaro,tt0313196
The Road to El Dorado,tt0138749
El Crimen Perfecto (The Perfect Crime),tt0395125
El Narco,tt1692190
The Haunted World of El Superbeasto,tt0419724
El Cid,tt0054847
F.C. De Kampioenen: Kampioen zijn blijft plezant,tt2671776
Liverpool FC: Champions of Europe 2005,tt0469787
FC Venus,tt0453365
FC Venus,tt0487027
F.C. De Kampioenen 2: Jubilee general,tt4002200
Chelsea FC: 100 Great Goals,tt0431680
Liverpool FC: 501 Goals,tt0431888
Arsenal FC: 501 Goals,tt0431617
Las ibéricas F.C.,tt0067232
100 Jahre FC Bayern,tt0259164
JK Enum Nanbanin Vaazhkai,tt3426294
J.K. Rowling: A Year in the Life,tt1071246
J.G. Ballard: The Future Is Now,tt4565972
Magic Beyond Words: The J.K. Rowling Story,tt1979269
The Magical World of Harry Potter: The Unauthorized Story of J.K. Rowling,tt0308533
JK LOL,tt1340106
Conversation with J.K. Rowling and Steve Kloves,tt0997435
The JK Years: A Political Trajectory,tt0270833
JK Rowling: The Interview,tt0371748
JK Rowling and the Harry Potter Express,tt1565427
Gau ban ji ma goon ji baak min bau ching tin,tt0110201
Dil Toh Baccha Hai Ji,tt1727496
Sardaar Ji,tt4080386
98 goo waak chai ji lung chang foo dau,tt0163511
Bha Ji in Problem,tt2879770
Robo Jî,tt1805492
Jiang shi jia zu: Jiang shi xian sheng xu ji,tt0091293
Ji,tt0460836
La vérité si je mens!,tt0120471
Je t'aime John Wayne,tt0277050
Je t'aime je t'aime,tt0063152
"Paris, je t'aime",tt0401711
Je t'aime moi non plus,tt0073196
J.M. Mondésir,tt2922642
Tesko je biti fin,tt0910955
Je l'aimais,tt1258141
Je fais le mort,tt2795848
"J.M. Barrie, la vérité sur Peter Pan",tt0447219
Correspondencia Jonas Mekas - J.L. Guerin,tt2007936
"JM After Dark: Volume 1, Issue 1",tt3124648
Jeuh kieh a jm hm kahun,tt3279152
J.M.,tt0437262
Deconstructing JL: War with Jay Oliva and Jim Lee dvd-extra,tt4906846
JL Ranch,tt5321174
Ferrari Ki Sawaari,tt2122340
Goliyon Ki Rasleela Ram-Leela,tt2215477
Kyon Ki...,tt0451787
Mere Brother Ki Dulhan,tt1740710
Mere Yaar Ki Shaadi Hai,tt0322653
Humpty Sharma Ki Dulhania,tt3678938
Mere Dad Ki Maruti,tt2323964
Buenos Aires 100 Km,tt0356446
Mumbai 125 KM 3D,tt2691010
Main Prem Ki Diwani Hoon,tt0265148
Km. 0 - Kilometer Zero,tt0251777
KM 31: Kilometre 31,tt0460485
Viyah 70 Km,tt3331954
1735 Km,tt0994714
10.000 Km,tt3114132
7915 Km,tt1286491
Cinema 500 km,tt0810800
KK Family List,tt0144263
9 KK Road,tt4118740
7 km da Gerusalemme,tt1002740
KK: The Girl with the Dog,tt2711606
Who Is KK Downey?,tt0944849
Pet filmova o Nives K.K.,tt0334108
Iznenadna i prerana smrt pukovnika K.K,tt0192170
Nevoljite na pokojniot K.K,tt0309910
KL 10 Patthu,tt4882694
KK 17,tt1058083
Evolusi: KL Drift 2,tt1606215
K.K. Steincke,tt0297999
KL Gangster 2,tt3056608
Kl,tt2023550
"Hund, søndag kl. elleve",tt0879246
KL Gangster,tt2074387
Väckning kl. 06.00,tt0473723
Evolusi: KL Drift,tt1606214
Dir en Grey: [KR] Cube,tt4856512
KL Zombi,tt3132450
Lauri Kr. Relander 1925-1931,tt2235599
Goodbye KL,tt1829676
Chief Minister K.R. Gowthami,tt0353294
Review of British Navy at Southend End and Spithead: Lt. Shackleton on Board Armadale Castle,tt4056038
Raumfahrt als inneres Erlebnis: Gen. Lt. Pugatschow bei Stromsperre in Baikonur,tt3654092
Lt. Elmo Ramas: Sundalo,tt5163932
LT: The Life & Times,tt3276588
In Conversation: Director L.Q. Jones & Writer Harlan Ellison,tt3277030
"Lt. Robin Crusoe, U.S.N.",tt0060640
"Lt. Col. Alejanndro Yanquling, WPD",tt5094232
Von Zeppelin 1 bis LZ 130,tt1604233
Five Days in Winter: The LT Sean Snyder Story,tt4586082
"Lt. Shintarô Sugiyama, the Single Dad Cop",tt4226782
The Decline of the Century: Testament L.Z.,tt0109584
Lt. Dan Band: For the Common Good,tt1426375
Lv-225,tt2908512
homo@lv,tt1833133
Lt. Nicho-las Aguirre: Batas ko ang iiral,tt4277092
LZ Lost,tt4683394
La chance de ma vie,tt1667100
Scusa ma ti voglio sposare,tt1513892
LV 16,tt1377315
Nie ma mocnych,tt0071907
Ma mère,tt0381392
Don Camillo monsignore... ma non troppo,tt0054814
Ma-ma,tt0076340
M.B. Curtis,tt0244049
M.B. - Doamna cu trandafiri,tt0319774
ND - Deutsches Neuland,tt0969726
Nc 87,tt2580252
Obama in NC: The Path to History,tt1615051
"Kannapolis, N.C.",tt0483919
The Rangers Jerkin Ain't Dead Greenville NC,tt3984182
Fu(nd) This!,tt1595449
NC Film Project Preview,tt3744754
"Small Town, USA: Andrews, NC",tt3588916
N.H. Habitat,tt1419515
Onward Notre Dame: ND in Indy,tt5050228
"The Ballad of Brooklyn, NC",tt3476884
N.H. 47,tt0351401
NH-8: Road to Nidhivan,tt4671212
Still Standing: The Real Story of the NC Textile Industry,tt3581156
NC Sixty,tt4012134
Tian guo ni zi,tt0111424
"Lumberton, NC",tt1362440
"Peace Envoys at Portsmouth, N.H.",tt3335472
Sin ton ni Sonia,tt0367046
Boku wa imouto ni koi wo suru: Secret sweethearts - Kono koi wa himitsu,tt1020870
Ni un hombre más,tt2410712
Metro ni notte,tt0810085
The Fantastic World of M.C. Escher,tt0133759
Boku wa imôto ni koi wo suru,tt0871977
Kimi ni shika kikoenai,tt0997163
The MC: Why We Do It,tt0445544
Mc Dandik,tt3347944
"Biao jie, ni hao ye!",tt0101442
Takumi-kun Series: Soshite harukaze ni sasayaite,tt1235445
"Metamorphose: M.C. Escher, 1898-1972",tt2196286
M.C. Escher: Sky and Water 1,tt0226997
Lu tempu di li pisci spata,tt0210340
Too Legit: The MC Hammer Story,tt0283457
The Life and Times of MC Beer Bong,tt0412916
Lu bing hua,tt0097791
Shu jian en chou lu,tt0093962
The Dream of Lu,tt2214997
MC Hammer: 2 Legit - The Videos,tt0474782
Hessians MC,tt0490973
Toy Story 3,tt0435761
The Martian,tt3659388
